Email-Enron,Golang_DP-WCC,1,0.798787253
Email-Enron,Golang_DP-WCC,2,0.799943647
Email-Enron,Golang_DP-WCC,3,0.799950182
Email-Enron,Golang_DP-WCC,4,0.799952222
Email-Enron,Golang_DP-WCC,5,0.799954198
Email-Enron,Golang_DP-WCC,6,0.80021356
Email-Enron,Golang_DP-WCC,7,0.800221364
Email-Enron,Golang_DP-WCC,8,0.800223101
Email-Enron,Golang_DP-WCC,9,0.800225022
Email-Enron,Golang_DP-WCC,10,0.800227581
Email-Enron,Golang_DP-WCC,11,0.800230978
Email-Enron,Golang_DP-WCC,12,0.800234781
Email-Enron,Golang_DP-WCC,13,0.800239109
Email-Enron,Golang_DP-WCC,14,0.800242752
Email-Enron,Golang_DP-WCC,15,0.800244838
Email-Enron,Golang_DP-WCC,16,0.80024666
Email-Enron,Golang_DP-WCC,17,0.800249947
Email-Enron,Golang_DP-WCC,18,0.800254234
Email-Enron,Golang_DP-WCC,19,0.800256549
Email-Enron,Golang_DP-WCC,20,0.800260576
Email-Enron,Golang_DP-WCC,21,0.800262283
Email-Enron,Golang_DP-WCC,22,0.800266222
Email-Enron,Golang_DP-WCC,23,0.800269244
Email-Enron,Golang_DP-WCC,24,0.800271587
Email-Enron,Golang_DP-WCC,25,0.800275631
Email-Enron,Golang_DP-WCC,26,0.800278042
Email-Enron,Golang_DP-WCC,27,0.800289089
Email-Enron,Golang_DP-WCC,28,0.800289845
Email-Enron,Golang_DP-WCC,29,0.800292315
Email-Enron,Golang_DP-WCC,30,0.800293219
Email-Enron,Golang_DP-WCC,31,0.800296745
Email-Enron,Golang_DP-WCC,32,0.800304957
Email-Enron,Golang_DP-WCC,33,0.800311171
Email-Enron,Golang_DP-WCC,34,0.800315301
Email-Enron,Golang_DP-WCC,35,0.800317101
Email-Enron,Golang_DP-WCC,36,0.803133613
Email-Enron,Golang_DP-WCC,37,0.811711005
Email-Enron,Golang_DP-WCC,38,0.811714192
Email-Enron,Golang_DP-WCC,39,0.811715794
Email-Enron,Golang_DP-WCC,40,0.81171766
Email-Enron,Golang_DP-WCC,41,0.811720119
Email-Enron,Golang_DP-WCC,42,0.812356957
Email-Enron,Golang_DP-WCC,43,0.81236005
Email-Enron,Golang_DP-WCC,44,0.812361637
Email-Enron,Golang_DP-WCC,45,0.812363526
Email-Enron,Golang_DP-WCC,46,0.81236606
Email-Enron,Golang_DP-WCC,47,0.812368956
Email-Enron,Golang_DP-WCC,48,0.812372259
Email-Enron,Golang_DP-WCC,49,0.812376107
Email-Enron,Golang_DP-WCC,50,0.81238042
Email-Enron,Golang_DP-WCC,51,0.81238532
Email-Enron,Golang_DP-WCC,52,0.81239093
Email-Enron,Golang_DP-WCC,53,0.812396868
Email-Enron,Golang_DP-WCC,54,0.812403602
Email-Enron,Golang_DP-WCC,55,0.812410657
Email-Enron,Golang_DP-WCC,56,0.812418045
Email-Enron,Golang_DP-WCC,57,0.812426019
Email-Enron,Golang_DP-WCC,58,0.812434299
Email-Enron,Golang_DP-WCC,59,0.812443501
Email-Enron,Golang_DP-WCC,60,0.812453548
Email-Enron,Golang_DP-WCC,61,0.812464121
Email-Enron,Golang_DP-WCC,62,0.812474978
Email-Enron,Golang_DP-WCC,63,0.812486353
Email-Enron,Golang_DP-WCC,64,0.812498249
Email-Enron,Golang_DP-WCC,65,0.812524274
Email-Enron,Golang_DP-WCC,66,0.812545677
Email-Enron,Golang_DP-WCC,67,0.812595127
Email-Enron,Golang_DP-WCC,68,0.812648154
Email-Enron,Golang_DP-WCC,69,0.812651684
Email-Enron,Golang_DP-WCC,70,0.812712069
Email-Enron,Golang_DP-WCC,71,0.81279515
Email-Enron,Golang_DP-WCC,72,0.812796283
Email-Enron,Golang_DP-WCC,73,0.812831931
Email-Enron,Golang_DP-WCC,74,0.812875683
Email-Enron,Golang_DP-WCC,75,0.812955501
Email-Enron,Golang_DP-WCC,76,0.81298518
Email-Enron,Golang_DP-WCC,77,0.812992663
Email-Enron,Golang_DP-WCC,78,0.813134878
Email-Enron,Golang_DP-WCC,79,0.813161485
Email-Enron,Golang_DP-WCC,80,0.813186259
Email-Enron,Golang_DP-WCC,81,0.81323547
Email-Enron,Golang_DP-WCC,82,0.813300536
Email-Enron,Golang_DP-WCC,83,0.813340375
Email-Enron,Golang_DP-WCC,84,0.813400941
Email-Enron,Golang_DP-WCC,85,0.813421709
Email-Enron,Golang_DP-WCC,86,0.813497617
Email-Enron,Golang_DP-WCC,87,0.81351162
Email-Enron,Golang_DP-WCC,88,0.813541388
Email-Enron,Golang_DP-WCC,89,0.813574793
Email-Enron,Golang_DP-WCC,90,0.813690892
Email-Enron,Golang_DP-WCC,91,0.814838632
Email-Enron,Golang_DP-WCC,92,0.814839941
Email-Enron,Golang_DP-WCC,93,0.814841322
Email-Enron,Golang_DP-WCC,94,0.814843108
Email-Enron,Golang_DP-WCC,95,0.814845459
Email-Enron,Golang_DP-WCC,96,0.814848372
Email-Enron,Golang_DP-WCC,97,0.81485167
Email-Enron,Golang_DP-WCC,98,0.814855644
Email-Enron,Golang_DP-WCC,99,0.81486002
Email-Enron,Golang_DP-WCC,100,0.814865077
Email-Enron,Golang_DP-WCC,101,0.814871304
Email-Enron,Golang_DP-WCC,102,0.814877704
Email-Enron,Golang_DP-WCC,103,0.814884478
Email-Enron,Golang_DP-WCC,104,0.814891702
Email-Enron,Golang_DP-WCC,105,0.81489928
Email-Enron,Golang_DP-WCC,106,0.814907463
Email-Enron,Golang_DP-WCC,107,0.814916176
Email-Enron,Golang_DP-WCC,108,0.814935214
Email-Enron,Golang_DP-WCC,109,0.814962996
Email-Enron,Golang_DP-WCC,110,0.815003229
Email-Enron,Golang_DP-WCC,111,0.81506828
Email-Enron,Golang_DP-WCC,112,0.815069641
Email-Enron,Golang_DP-WCC,113,0.815077308
Email-Enron,Golang_DP-WCC,114,0.815117616
Email-Enron,Golang_DP-WCC,115,0.815133393
Email-Enron,Golang_DP-WCC,116,0.815150587
Email-Enron,Golang_DP-WCC,117,0.815209901
Email-Enron,Golang_DP-WCC,118,0.815250495
Email-Enron,Golang_DP-WCC,119,0.8152652
Email-Enron,Golang_DP-WCC,120,0.815274391
Email-Enron,Golang_DP-WCC,121,0.815317842
Email-Enron,Golang_DP-WCC,122,0.81532503
Email-Enron,Golang_DP-WCC,123,0.815353438
Email-Enron,Golang_DP-WCC,124,0.815403776
Email-Enron,Golang_DP-WCC,125,0.815476604
Email-Enron,Golang_DP-WCC,126,0.815498031
Email-Enron,Golang_DP-WCC,127,0.815521236
Email-Enron,Golang_DP-WCC,128,0.81555581
Email-Enron,Golang_DP-WCC,129,0.815569372
Email-Enron,Golang_DP-WCC,130,0.815608164
Email-Enron,Golang_DP-WCC,131,0.815631354
Email-Enron,Golang_DP-WCC,132,0.815697971
Email-Enron,Golang_DP-WCC,133,0.815731252
Email-Enron,Golang_DP-WCC,134,0.815750774
Email-Enron,Golang_DP-WCC,135,0.815777048
Email-Enron,Golang_DP-WCC,136,0.81581872
Email-Enron,Golang_DP-WCC,137,0.815883908
Email-Enron,Golang_DP-WCC,138,0.815921185
Email-Enron,Golang_DP-WCC,139,0.817158804
Email-Enron,Golang_DP-WCC,140,0.81715974
Email-Enron,Golang_DP-WCC,141,0.81716114
Email-Enron,Golang_DP-WCC,142,0.817163189
Email-Enron,Golang_DP-WCC,143,0.817165702
Email-Enron,Golang_DP-WCC,144,0.817168683
Email-Enron,Golang_DP-WCC,145,0.81717212
Email-Enron,Golang_DP-WCC,146,0.817176121
Email-Enron,Golang_DP-WCC,147,0.81718043
Email-Enron,Golang_DP-WCC,148,0.817185334
Email-Enron,Golang_DP-WCC,149,0.817190895
Email-Enron,Golang_DP-WCC,150,0.817197261
Email-Enron,Golang_DP-WCC,151,0.817204093
Email-Enron,Golang_DP-WCC,152,0.817211442
Email-Enron,Golang_DP-WCC,153,0.817218962
Email-Enron,Golang_DP-WCC,154,0.817226974
Email-Enron,Golang_DP-WCC,155,0.817235533
Email-Enron,Golang_DP-WCC,156,0.817245393
Email-Enron,Golang_DP-WCC,157,0.817248723
Email-Enron,Golang_DP-WCC,158,0.817259053
Email-Enron,Golang_DP-WCC,159,0.817261785
Email-Enron,Golang_DP-WCC,160,0.817272682
Email-Enron,Golang_DP-WCC,161,0.817283469
Email-Enron,Golang_DP-WCC,162,0.817295016
Email-Enron,Golang_DP-WCC,163,0.817321848
Email-Enron,Golang_DP-WCC,164,0.817335919
Email-Enron,Golang_DP-WCC,165,0.81735157
Email-Enron,Golang_DP-WCC,166,0.817368166
Email-Enron,Golang_DP-WCC,167,0.817379234
Email-Enron,Golang_DP-WCC,168,0.81739595
Email-Enron,Golang_DP-WCC,169,0.817412922
Email-Enron,Golang_DP-WCC,170,0.817429629
Email-Enron,Golang_DP-WCC,171,0.817435586
Email-Enron,Golang_DP-WCC,172,0.817450757
Email-Enron,Golang_DP-WCC,173,0.81747078
Email-Enron,Golang_DP-WCC,174,0.817481121
Email-Enron,Golang_DP-WCC,175,0.817502888
Email-Enron,Golang_DP-WCC,176,0.817527396
Email-Enron,Golang_DP-WCC,177,0.81754879
Email-Enron,Golang_DP-WCC,178,0.817570836
Email-Enron,Golang_DP-WCC,179,0.817595534
Email-Enron,Golang_DP-WCC,180,0.81760459
Email-Enron,Golang_DP-WCC,181,0.817629608
Email-Enron,Golang_DP-WCC,182,0.81765726
Email-Enron,Golang_DP-WCC,183,0.817668624
Email-Enron,Golang_DP-WCC,184,0.817688931
Email-Enron,Golang_DP-WCC,185,0.817701046
Email-Enron,Golang_DP-WCC,186,0.817720679
Email-Enron,Golang_DP-WCC,187,0.817748534
Email-Enron,Golang_DP-WCC,188,0.817812392
Email-Enron,Golang_DP-WCC,189,0.817847156
Email-Enron,Golang_DP-WCC,190,0.817853546
Email-Enron,Golang_DP-WCC,191,0.817914073
Email-Enron,Golang_DP-WCC,192,0.817992518
Email-Enron,Golang_DP-WCC,193,0.818004935
Email-Enron,Golang_DP-WCC,194,0.818063725
Email-Enron,Golang_DP-WCC,195,0.818119903
Email-Enron,Golang_DP-WCC,196,0.818161313
Email-Enron,Golang_DP-WCC,197,0.818240134
Email-Enron,Golang_DP-WCC,198,0.818256078
Email-Enron,Golang_DP-WCC,199,0.819756204
Email-Enron,Golang_DP-WCC,200,0.8197574
Email-Enron,Golang_DP-WCC,201,0.819758936
Email-Enron,Golang_DP-WCC,202,0.819760808
Email-Enron,Golang_DP-WCC,203,0.81976353
Email-Enron,Golang_DP-WCC,204,0.819765835
Email-Enron,Golang_DP-WCC,205,0.819767719
Email-Enron,Golang_DP-WCC,206,0.819770587
Email-Enron,Golang_DP-WCC,207,0.819775635
Email-Enron,Golang_DP-WCC,208,0.819780865
Email-Enron,Golang_DP-WCC,209,0.819786807
Email-Enron,Golang_DP-WCC,210,0.819793032
Email-Enron,Golang_DP-WCC,211,0.819799821
Email-Enron,Golang_DP-WCC,212,0.819807212
Email-Enron,Golang_DP-WCC,213,0.819815008
Email-Enron,Golang_DP-WCC,214,0.819825243
Email-Enron,Golang_DP-WCC,215,0.819827934
Email-Enron,Golang_DP-WCC,216,0.819837601
Email-Enron,Golang_DP-WCC,217,0.819848129
Email-Enron,Golang_DP-WCC,218,0.81985368
Email-Enron,Golang_DP-WCC,219,0.819862234
Email-Enron,Golang_DP-WCC,220,0.81987482
Email-Enron,Golang_DP-WCC,221,0.819888654
Email-Enron,Golang_DP-WCC,222,0.819893168
Email-Enron,Golang_DP-WCC,223,0.819905529
Email-Enron,Golang_DP-WCC,224,0.819919512
Email-Enron,Golang_DP-WCC,225,0.819933119
Email-Enron,Golang_DP-WCC,226,0.821854286
Email-Enron,Golang_DP-WCC,227,0.821855826
Email-Enron,Golang_DP-WCC,228,0.821857658
Email-Enron,Golang_DP-WCC,229,0.821859644
Email-Enron,Golang_DP-WCC,230,0.821862027
Email-Enron,Golang_DP-WCC,231,0.821864983
Email-Enron,Golang_DP-WCC,232,0.821868633
Email-Enron,Golang_DP-WCC,233,0.825753862
Email-Enron,Golang_DP-WCC,234,0.826385704
Email-Enron,Golang_DP-WCC,235,0.826389272
Email-Enron,Golang_DP-WCC,236,0.826390833
Email-Enron,Golang_DP-WCC,237,0.82639267
Email-Enron,Golang_DP-WCC,238,0.832608238
Email-Enron,Golang_DP-WCC,239,0.83260983
Email-Enron,Golang_DP-WCC,240,0.832611452
Email-Enron,Golang_DP-WCC,241,0.832613605
Email-Enron,Golang_DP-WCC,242,0.832616592
Email-Enron,Golang_DP-WCC,243,0.832619842
Email-Enron,Golang_DP-WCC,244,0.832623541
Email-Enron,Golang_DP-WCC,245,0.832627695
Email-Enron,Golang_DP-WCC,246,0.832632565
Email-Enron,Golang_DP-WCC,247,0.832637912
Email-Enron,Golang_DP-WCC,248,0.832642138
Email-Enron,Golang_DP-WCC,249,0.832646381
Email-Enron,Golang_DP-WCC,250,0.832653819
Email-Enron,Golang_DP-WCC,251,0.832659712
Email-Enron,Golang_DP-WCC,252,0.832671532
Email-Enron,Golang_DP-WCC,253,0.832680976
Email-Enron,Golang_DP-WCC,254,0.832690872
Email-Enron,Golang_DP-WCC,255,0.832701031
Email-Enron,Golang_DP-WCC,256,0.832711854
Email-Enron,Golang_DP-WCC,257,0.832718799
Email-Enron,Golang_DP-WCC,258,0.832736936
Email-Enron,Golang_DP-WCC,259,0.832750052
Email-Enron,Golang_DP-WCC,260,0.832763439
Email-Enron,Golang_DP-WCC,261,0.832771275
Email-Enron,Golang_DP-WCC,262,0.832785242
Email-Enron,Golang_DP-WCC,263,0.832790195
Email-Enron,Golang_DP-WCC,264,0.832801652
Email-Enron,Golang_DP-WCC,265,0.832815394
Email-Enron,Golang_DP-WCC,266,0.832833072
Email-Enron,Golang_DP-WCC,267,0.832850527
Email-Enron,Golang_DP-WCC,268,0.832868367
Email-Enron,Golang_DP-WCC,269,0.832881162
Email-Enron,Golang_DP-WCC,270,0.832887661
Email-Enron,Golang_DP-WCC,271,0.832898693
Email-Enron,Golang_DP-WCC,272,0.832907853
Email-Enron,Golang_DP-WCC,273,0.832926983
Email-Enron,Golang_DP-WCC,274,0.832934729
Email-Enron,Golang_DP-WCC,275,0.832956419
Email-Enron,Golang_DP-WCC,276,0.832976626
Email-Enron,Golang_DP-WCC,277,0.832983084
Email-Enron,Golang_DP-WCC,278,0.833007599
Email-Enron,Golang_DP-WCC,279,0.833031234
Email-Enron,Golang_DP-WCC,280,0.833039058
Email-Enron,Golang_DP-WCC,281,0.833056089
Email-Enron,Golang_DP-WCC,282,0.833082989
Email-Enron,Golang_DP-WCC,283,0.833108457
Email-Enron,Golang_DP-WCC,284,0.833136163
Email-Enron,Golang_DP-WCC,285,0.83315801
Email-Enron,Golang_DP-WCC,286,0.833186531
Email-Enron,Golang_DP-WCC,287,0.833215401
Email-Enron,Golang_DP-WCC,288,0.833235707
Email-Enron,Golang_DP-WCC,289,0.833250838
Email-Enron,Golang_DP-WCC,290,0.833281775
Email-Enron,Golang_DP-WCC,291,0.833315127
Email-Enron,Golang_DP-WCC,292,0.833324904
Email-Enron,Golang_DP-WCC,293,0.833360336
Email-Enron,Golang_DP-WCC,294,0.833408853
Email-Enron,Golang_DP-WCC,295,0.83341816
Email-Enron,Golang_DP-WCC,296,0.833432355
Email-Enron,Golang_DP-WCC,297,0.83343836
Email-Enron,Golang_DP-WCC,298,0.833448898
Email-Enron,Golang_DP-WCC,299,0.833450213
Email-Enron,Golang_DP-WCC,300,0.83345435
Email-Enron,Golang_DP-WCC,301,0.833458619
Email-Enron,Golang_DP-WCC,302,0.833468204
Email-Enron,Golang_DP-WCC,303,0.833476306
Email-Enron,Golang_DP-WCC,304,0.833483394
Email-Enron,Golang_DP-WCC,305,0.833485509
Email-Enron,Golang_DP-WCC,306,0.83349409
Email-Enron,Golang_DP-WCC,307,0.833499036
Email-Enron,Golang_DP-WCC,308,0.833515224
Email-Enron,Golang_DP-WCC,309,0.833523102
Email-Enron,Golang_DP-WCC,310,0.833538871
Email-Enron,Golang_DP-WCC,311,0.833562764
Email-Enron,Golang_DP-WCC,312,0.833582133
Email-Enron,Golang_DP-WCC,313,0.833607095
Email-Enron,Golang_DP-WCC,314,0.833611879
Email-Enron,Golang_DP-WCC,315,0.833627441
Email-Enron,Golang_DP-WCC,316,0.833640161
Email-Enron,Golang_DP-WCC,317,0.833655335
Email-Enron,Golang_DP-WCC,318,0.833671796
Email-Enron,Golang_DP-WCC,319,0.833681547
Email-Enron,Golang_DP-WCC,320,0.833758369
Email-Enron,Golang_DP-WCC,321,0.833759138
Email-Enron,Golang_DP-WCC,322,0.83376034
Email-Enron,Golang_DP-WCC,323,0.833762109
Email-Enron,Golang_DP-WCC,324,0.833764098
Email-Enron,Golang_DP-WCC,325,0.833766401
Email-Enron,Golang_DP-WCC,326,0.833768231
Email-Enron,Golang_DP-WCC,327,0.833769789
Email-Enron,Golang_DP-WCC,328,0.833774238
Email-Enron,Golang_DP-WCC,329,0.833788959
Email-Enron,Golang_DP-WCC,330,0.833797961
Email-Enron,Golang_DP-WCC,331,0.833820053
Email-Enron,Golang_DP-WCC,332,0.833829148
Email-Enron,Golang_DP-WCC,333,0.833845827
Email-Enron,Golang_DP-WCC,334,0.833871432
Email-Enron,Golang_DP-WCC,335,0.833883954
Email-Enron,Golang_DP-WCC,336,0.833900445
Email-Enron,Golang_DP-WCC,337,0.833923371
Email-Enron,Golang_DP-WCC,338,0.833929917
Email-Enron,Golang_DP-WCC,339,0.833936441
Email-Enron,Golang_DP-WCC,340,0.833983979
Email-Enron,Golang_DP-WCC,341,0.833993962
Email-Enron,Golang_DP-WCC,342,0.834024907
Email-Enron,Golang_DP-WCC,343,0.834038618
Email-Enron,Golang_DP-WCC,344,0.83405716
Email-Enron,Golang_DP-WCC,345,0.834058305
Email-Enron,Golang_DP-WCC,346,0.834078628
Email-Enron,Golang_DP-WCC,347,0.834107054
Email-Enron,Golang_DP-WCC,348,0.834107875
Email-Enron,Golang_DP-WCC,349,0.834126663
Email-Enron,Golang_DP-WCC,350,0.834127411
Email-Enron,Golang_DP-WCC,351,0.834169691
Email-Enron,Golang_DP-WCC,352,0.83418029
Email-Enron,Golang_DP-WCC,353,0.834196415
Email-Enron,Golang_DP-WCC,354,0.834226337
Email-Enron,Golang_DP-WCC,355,0.834245365
Email-Enron,Golang_DP-WCC,356,0.83429253
Email-Enron,Golang_DP-WCC,357,0.834310801
Email-Enron,Golang_DP-WCC,358,0.834347628
Email-Enron,Golang_DP-WCC,359,0.834365743
Email-Enron,Golang_DP-WCC,360,0.834388411
Email-Enron,Golang_DP-WCC,361,0.834407163
Email-Enron,Golang_DP-WCC,362,0.834417745
Email-Enron,Golang_DP-WCC,363,0.834434838
Email-Enron,Golang_DP-WCC,364,0.834469879
Email-Enron,Golang_DP-WCC,365,0.834491165
Email-Enron,Golang_DP-WCC,366,0.83454885
Email-Enron,Golang_DP-WCC,367,0.834564185
Email-Enron,Golang_DP-WCC,368,0.834605068
Email-Enron,Golang_DP-WCC,369,0.834630801
Email-Enron,Golang_DP-WCC,370,0.83465174
Email-Enron,Golang_DP-WCC,371,0.834690262
Email-Enron,Golang_DP-WCC,372,0.834711342
Email-Enron,Golang_DP-WCC,373,0.83472636
Email-Enron,Golang_DP-WCC,374,0.834744195
Email-Enron,Golang_DP-WCC,375,0.834780542
Email-Enron,Golang_DP-WCC,376,0.834797658
Email-Enron,Golang_DP-WCC,377,0.834822383
Email-Enron,Golang_DP-WCC,378,0.834907991
Email-Enron,Golang_DP-WCC,379,0.834951341
Email-Enron,Golang_DP-WCC,380,0.834970104
Email-Enron,Golang_DP-WCC,381,0.834990536
Email-Enron,Golang_DP-WCC,382,0.835030797
Email-Enron,Golang_DP-WCC,383,0.835053115
Email-Enron,Golang_DP-WCC,384,0.835094974
Email-Enron,Golang_DP-WCC,385,0.835095984
Email-Enron,Golang_DP-WCC,386,0.835133497
Email-Enron,Golang_DP-WCC,387,0.835180127
Email-Enron,Golang_DP-WCC,388,0.835188334
Email-Enron,Golang_DP-WCC,389,0.835225737
Email-Enron,Golang_DP-WCC,390,0.835233994
Email-Enron,Golang_DP-WCC,391,0.835243357
Email-Enron,Golang_DP-WCC,392,0.835250738
Email-Enron,Golang_DP-WCC,393,0.835323845
Email-Enron,Golang_DP-WCC,394,0.83542028
Email-Enron,Golang_DP-WCC,395,0.835435816
Email-Enron,Golang_DP-WCC,396,0.835454955
Email-Enron,Golang_DP-WCC,397,0.835485034
Email-Enron,Golang_DP-WCC,398,0.835504107
Email-Enron,Golang_DP-WCC,399,0.835520448
Email-Enron,Golang_DP-WCC,400,0.835534851
Email-Enron,Golang_DP-WCC,401,0.835566766
Email-Enron,Golang_DP-WCC,402,0.835582683
Email-Enron,Golang_DP-WCC,403,0.835626252
Email-Enron,Golang_DP-WCC,404,0.835627108
Email-Enron,Golang_DP-WCC,405,0.835640756
Email-Enron,Golang_DP-WCC,406,0.835656413
Email-Enron,Golang_DP-WCC,407,0.835667438
Email-Enron,Golang_DP-WCC,408,0.835717999
Email-Enron,Golang_DP-WCC,409,0.835728226
Email-Enron,Golang_DP-WCC,410,0.835747471
Email-Enron,Golang_DP-WCC,411,0.83576096
Email-Enron,Golang_DP-WCC,412,0.83577036
Email-Enron,Golang_DP-WCC,413,0.835829391
Email-Enron,Golang_DP-WCC,414,0.835845909
Email-Enron,Golang_DP-WCC,415,0.8358688
Email-Enron,Golang_DP-WCC,416,0.835880369
Email-Enron,Golang_DP-WCC,417,0.835931389
Email-Enron,Golang_DP-WCC,418,0.839522168
Email-Enron,Golang_DP-WCC,419,0.839523445
Email-Enron,Golang_DP-WCC,420,0.839525024
Email-Enron,Golang_DP-WCC,421,0.839526823
Email-Enron,Golang_DP-WCC,422,0.839529111
Email-Enron,Golang_DP-WCC,423,0.839531815
Email-Enron,Golang_DP-WCC,424,0.839535235
Email-Enron,Golang_DP-WCC,425,0.839539363
Email-Enron,Golang_DP-WCC,426,0.839544589
Email-Enron,Golang_DP-WCC,427,0.839549251
Email-Enron,Golang_DP-WCC,428,0.839554682
Email-Enron,Golang_DP-WCC,429,0.839560171
Email-Enron,Golang_DP-WCC,430,0.839562602
Email-Enron,Golang_DP-WCC,431,0.83956907
Email-Enron,Golang_DP-WCC,432,0.839575882
Email-Enron,Golang_DP-WCC,433,0.839583288
Email-Enron,Golang_DP-WCC,434,0.839591247
Email-Enron,Golang_DP-WCC,435,0.839599696
Email-Enron,Golang_DP-WCC,436,0.83961024
Email-Enron,Golang_DP-WCC,437,0.839623133
Email-Enron,Golang_DP-WCC,438,0.839630749
Email-Enron,Golang_DP-WCC,439,0.839641162
Email-Enron,Golang_DP-WCC,440,0.840723877
Email-Enron,Golang_DP-WCC,441,0.84072526
Email-Enron,Golang_DP-WCC,442,0.840726749
Email-Enron,Golang_DP-WCC,443,0.840728727
Email-Enron,Golang_DP-WCC,444,0.840731241
Email-Enron,Golang_DP-WCC,445,0.840734679
Email-Enron,Golang_DP-WCC,446,0.840737695
Email-Enron,Golang_DP-WCC,447,0.840741783
Email-Enron,Golang_DP-WCC,448,0.840746605
Email-Enron,Golang_DP-WCC,449,0.840748598
Email-Enron,Golang_DP-WCC,450,0.840754097
Email-Enron,Golang_DP-WCC,451,0.84076114
Email-Enron,Golang_DP-WCC,452,0.840768082
Email-Enron,Golang_DP-WCC,453,0.840772332
Email-Enron,Golang_DP-WCC,454,0.840774415
Email-Enron,Golang_DP-WCC,455,0.840782884
Email-Enron,Golang_DP-WCC,456,0.840788663
Email-Enron,Golang_DP-WCC,457,0.840798175
Email-Enron,Golang_DP-WCC,458,0.840807853
Email-Enron,Golang_DP-WCC,459,0.840818149
Email-Enron,Golang_DP-WCC,460,0.840828977
Email-Enron,Golang_DP-WCC,461,0.840842951
Email-Enron,Golang_DP-WCC,462,0.840845557
Email-Enron,Golang_DP-WCC,463,0.840859225
Email-Enron,Golang_DP-WCC,464,0.840873843
Email-Enron,Golang_DP-WCC,465,0.840879878
Email-Enron,Golang_DP-WCC,466,0.840894311
Email-Enron,Golang_DP-WCC,467,0.840909086
Email-Enron,Golang_DP-WCC,468,0.840925037
Email-Enron,Golang_DP-WCC,469,0.84093177
Email-Enron,Golang_DP-WCC,470,0.840940148
Email-Enron,Golang_DP-WCC,471,0.840947326
Email-Enron,Golang_DP-WCC,472,0.840954307
Email-Enron,Golang_DP-WCC,473,0.840956514
Email-Enron,Golang_DP-WCC,474,0.840975233
Email-Enron,Golang_DP-WCC,475,0.840994131
Email-Enron,Golang_DP-WCC,476,0.841013561
Email-Enron,Golang_DP-WCC,477,0.841036965
Email-Enron,Golang_DP-WCC,478,0.841040802
Email-Enron,Golang_DP-WCC,479,0.841064416
Email-Enron,Golang_DP-WCC,480,0.841068305
Email-Enron,Golang_DP-WCC,481,0.841070284
Email-Enron,Golang_DP-WCC,482,0.841093386
Email-Enron,Golang_DP-WCC,483,0.841097112
Email-Enron,Golang_DP-WCC,484,0.841122446
Email-Enron,Golang_DP-WCC,485,0.841128364
Email-Enron,Golang_DP-WCC,486,0.841137061
Email-Enron,Golang_DP-WCC,487,0.841142463
Email-Enron,Golang_DP-WCC,488,0.841153423
Email-Enron,Golang_DP-WCC,489,0.84138078
Email-Enron,Golang_DP-WCC,490,0.841381682
Email-Enron,Golang_DP-WCC,491,0.841383018
Email-Enron,Golang_DP-WCC,492,0.841384866
Email-Enron,Golang_DP-WCC,493,0.841387154
Email-Enron,Golang_DP-WCC,494,0.841390471
Email-Enron,Golang_DP-WCC,495,0.841393888
Email-Enron,Golang_DP-WCC,496,0.84139869
Email-Enron,Golang_DP-WCC,497,0.84140324
Email-Enron,Golang_DP-WCC,498,0.841408131
Email-Enron,Golang_DP-WCC,499,0.84141377
Email-Enron,Golang_DP-WCC,500,0.841419483
Email-Enron,Golang_DP-WCC,501,0.841425653
Email-Enron,Golang_DP-WCC,502,0.84143308
Email-Enron,Golang_DP-WCC,503,0.841441596
Email-Enron,Golang_DP-WCC,504,0.841449995
Email-Enron,Golang_DP-WCC,505,0.841458344
Email-Enron,Golang_DP-WCC,506,0.841463715
Email-Enron,Golang_DP-WCC,507,0.841473701
Email-Enron,Golang_DP-WCC,508,0.841483746
Email-Enron,Golang_DP-WCC,509,0.841494422
Email-Enron,Golang_DP-WCC,510,0.841506067
Email-Enron,Golang_DP-WCC,511,0.841518324
Email-Enron,Golang_DP-WCC,512,0.841520633
Email-Enron,Golang_DP-WCC,513,0.841530272
Email-Enron,Golang_DP-WCC,514,0.841549243
Email-Enron,Golang_DP-WCC,515,0.841563517
Email-Enron,Golang_DP-WCC,516,0.841574714
Email-Enron,Golang_DP-WCC,517,0.841590837
Email-Enron,Golang_DP-WCC,518,0.841607566
Email-Enron,Golang_DP-WCC,519,0.841624996
Email-Enron,Golang_DP-WCC,520,0.841644571
Email-Enron,Golang_DP-WCC,521,0.841648677
Email-Enron,Golang_DP-WCC,522,0.841667259
Email-Enron,Golang_DP-WCC,523,0.841671259
Email-Enron,Golang_DP-WCC,524,0.84167744
Email-Enron,Golang_DP-WCC,525,0.84168637
Email-Enron,Golang_DP-WCC,526,0.841692141
Email-Enron,Golang_DP-WCC,527,0.841702394
Email-Enron,Golang_DP-WCC,528,0.841711214
Email-Enron,Golang_DP-WCC,529,0.841729784
Email-Enron,Golang_DP-WCC,530,0.84173148
Email-Enron,Golang_DP-WCC,531,0.841736624
Email-Enron,Golang_DP-WCC,532,0.841746081
Email-Enron,Golang_DP-WCC,533,0.841752142
Email-Enron,Golang_DP-WCC,534,0.841762422
Email-Enron,Golang_DP-WCC,535,0.841771636
Email-Enron,Golang_DP-WCC,536,0.841795524
Email-Enron,Golang_DP-WCC,537,0.841797512
Email-Enron,Golang_DP-WCC,538,0.84180067
Email-Enron,Golang_DP-WCC,539,0.841809857
Email-Enron,Golang_DP-WCC,540,0.841816144
Email-Enron,Golang_DP-WCC,541,0.841825902
Email-Enron,Golang_DP-WCC,542,0.841835478
Email-Enron,Golang_DP-WCC,543,0.841865626
Email-Enron,Golang_DP-WCC,544,0.841876846
Email-Enron,Golang_DP-WCC,545,0.84187821
Email-Enron,Golang_DP-WCC,546,0.841879956
Email-Enron,Golang_DP-WCC,547,0.841884831
Email-Enron,Golang_DP-WCC,548,0.841891787
Email-Enron,Golang_DP-WCC,549,0.841902939
Email-Enron,Golang_DP-WCC,550,0.841933493
Email-Enron,Golang_DP-WCC,551,0.841948418
Email-Enron,Golang_DP-WCC,552,0.841954157
Email-Enron,Golang_DP-WCC,553,0.841969484
Email-Enron,Golang_DP-WCC,554,0.842010543
Email-Enron,Golang_DP-WCC,555,0.842011402
Email-Enron,Golang_DP-WCC,556,0.842012798
Email-Enron,Golang_DP-WCC,557,0.842014646
Email-Enron,Golang_DP-WCC,558,0.84203952
Email-Enron,Golang_DP-WCC,559,0.842040206
Email-Enron,Golang_DP-WCC,560,0.842068062
Email-Enron,Golang_DP-WCC,561,0.842068889
Email-Enron,Golang_DP-WCC,562,0.842070165
Email-Enron,Golang_DP-WCC,563,0.842071971
Email-Enron,Golang_DP-WCC,564,0.842511145
Email-Enron,Golang_DP-WCC,565,0.842516393
Email-Enron,Golang_DP-WCC,566,0.842973948
Email-Enron,Golang_DP-WCC,567,0.842976242
Email-Enron,Golang_DP-WCC,568,0.842981984
Email-Enron,Golang_DP-WCC,569,0.843154459
Email-Enron,Golang_DP-WCC,570,0.84315634
Email-Enron,Golang_DP-WCC,571,0.843280807
Email-Enron,Golang_DP-WCC,572,0.843283497
Email-Enron,Golang_DP-WCC,573,0.843284974
Email-Enron,Golang_DP-WCC,574,0.843286925
Email-Enron,Golang_DP-WCC,575,0.843289482
Email-Enron,Golang_DP-WCC,576,0.843292806
Email-Enron,Golang_DP-WCC,577,0.84329703
Email-Enron,Golang_DP-WCC,578,0.843300024
Email-Enron,Golang_DP-WCC,579,0.843302315
Email-Enron,Golang_DP-WCC,580,0.843306604
Email-Enron,Golang_DP-WCC,581,0.843308065
Email-Enron,Golang_DP-WCC,582,0.843311785
Email-Enron,Golang_DP-WCC,583,0.843497552
Email-Enron,Golang_DP-WCC,584,0.843498598
Email-Enron,Golang_DP-WCC,585,0.843500371
Email-Enron,Golang_DP-WCC,586,0.843501888
Email-Enron,Golang_DP-WCC,587,0.843505115
Email-Enron,Golang_DP-WCC,588,0.84350688
Email-Enron,Golang_DP-WCC,589,0.843508091
Email-Enron,Golang_DP-WCC,590,0.843509834
Email-Enron,Golang_DP-WCC,591,0.843512909
Email-Enron,Golang_DP-WCC,592,0.843514221
Email-Enron,Golang_DP-WCC,593,0.843518216
Email-Enron,Golang_DP-WCC,594,0.84351906
Email-Enron,Golang_DP-WCC,595,0.843521131
Email-Enron,Golang_DP-WCC,596,0.843524592
Email-Enron,Golang_DP-WCC,597,0.843527587
Email-Enron,Golang_DP-WCC,598,0.843529701
Email-Enron,Golang_DP-WCC,599,0.843531577
Email-Enron,Golang_DP-WCC,600,0.84353676
Email-Enron,Golang_DP-WCC,601,0.843538091
Email-Enron,Golang_DP-WCC,602,0.846160093
Email-Enron,Golang_DP-WCC,603,0.846172589
Email-Enron,Golang_DP-WCC,604,0.847068318
Email-Enron,Golang_DP-WCC,605,0.847069276
Email-Enron,Golang_DP-WCC,606,0.847070556
Email-Enron,Golang_DP-WCC,607,0.847072245
Email-Enron,Golang_DP-WCC,608,0.847074396
Email-Enron,Golang_DP-WCC,609,0.847077114
Email-Enron,Golang_DP-WCC,610,0.847080198
Email-Enron,Golang_DP-WCC,611,0.847083123
Email-Enron,Golang_DP-WCC,612,0.847085939
Email-Enron,Golang_DP-WCC,613,0.847089157
Email-Enron,Golang_DP-WCC,614,0.847097876
Email-Enron,Golang_DP-WCC,615,0.847102924
Email-Enron,Golang_DP-WCC,616,0.849714954
Email-Enron,Golang_DP-WCC,617,0.849716426
Email-Enron,Golang_DP-WCC,618,0.84971798
Email-Enron,Golang_DP-WCC,619,0.849720051
Email-Enron,Golang_DP-WCC,620,0.849722657
Email-Enron,Golang_DP-WCC,621,0.849725783
Email-Enron,Golang_DP-WCC,622,0.849729667
Email-Enron,Golang_DP-WCC,623,0.849733886
Email-Enron,Golang_DP-WCC,624,0.849738735
Email-Enron,Golang_DP-WCC,625,0.849744334
Email-Enron,Golang_DP-WCC,626,0.84975046
Email-Enron,Golang_DP-WCC,627,0.849757142
Email-Enron,Golang_DP-WCC,628,0.849764439
Email-Enron,Golang_DP-WCC,629,0.849772356
Email-Enron,Golang_DP-WCC,630,0.849780957
Email-Enron,Golang_DP-WCC,631,0.849789664
Email-Enron,Golang_DP-WCC,632,0.849799946
Email-Enron,Golang_DP-WCC,633,0.849803895
Email-Enron,Golang_DP-WCC,634,0.849813193
Email-Enron,Golang_DP-WCC,635,0.84982491
Email-Enron,Golang_DP-WCC,636,0.849832909
Email-Enron,Golang_DP-WCC,637,0.849840572
Email-Enron,Golang_DP-WCC,638,0.849847435
Email-Enron,Golang_DP-WCC,639,0.849850866
Email-Enron,Golang_DP-WCC,640,0.849861183
Email-Enron,Golang_DP-WCC,641,0.849876013
Email-Enron,Golang_DP-WCC,642,0.849877491
Email-Enron,Golang_DP-WCC,643,0.849878924
Email-Enron,Golang_DP-WCC,644,0.849883832
Email-Enron,Golang_DP-WCC,645,0.849890518
Email-Enron,Golang_DP-WCC,646,0.849894227
Email-Enron,Golang_DP-WCC,647,0.849895908
Email-Enron,Golang_DP-WCC,648,0.84990194
Email-Enron,Golang_DP-WCC,649,0.849906028
Email-Enron,Golang_DP-WCC,650,0.849910059
Email-Enron,Golang_DP-WCC,651,0.849918839
Email-Enron,Golang_DP-WCC,652,0.849921382
Email-Enron,Golang_DP-WCC,653,0.849927779
Email-Enron,Golang_DP-WCC,654,0.849931252
Email-Enron,Golang_DP-WCC,655,0.849933987
Email-Enron,Golang_DP-WCC,656,0.849937193
Email-Enron,Golang_DP-WCC,657,0.849941878
Email-Enron,Golang_DP-WCC,658,0.849954759
Email-Enron,Golang_DP-WCC,659,0.849963725
Email-Enron,Golang_DP-WCC,660,0.849965933
Email-Enron,Golang_DP-WCC,661,0.84997043
Email-Enron,Golang_DP-WCC,662,0.849973341
Email-Enron,Golang_DP-WCC,663,0.849981797
Email-Enron,Golang_DP-WCC,664,0.84998843
Email-Enron,Golang_DP-WCC,665,0.849996185
Email-Enron,Golang_DP-WCC,666,0.850003343
Email-Enron,Golang_DP-WCC,667,0.850006426
Email-Enron,Golang_DP-WCC,668,0.850011334
Email-Enron,Golang_DP-WCC,669,0.850017253
Email-Enron,Golang_DP-WCC,670,0.850018106
Email-Enron,Golang_DP-WCC,671,0.850026814
Email-Enron,Golang_DP-WCC,672,0.850043576
Email-Enron,Golang_DP-WCC,673,0.850049262
Email-Enron,Golang_DP-WCC,674,0.850061093
Email-Enron,Golang_DP-WCC,675,0.850069867
Email-Enron,Golang_DP-WCC,676,0.850086656
Email-Enron,Golang_DP-WCC,677,0.850090184
Email-Enron,Golang_DP-WCC,678,0.850095092
Email-Enron,Golang_DP-WCC,679,0.850108559
Email-Enron,Golang_DP-WCC,680,0.850109424
Email-Enron,Golang_DP-WCC,681,0.850115239
Email-Enron,Golang_DP-WCC,682,0.850135432
Email-Enron,Golang_DP-WCC,683,0.850187496
Email-Enron,Golang_DP-WCC,684,0.850188399
Email-Enron,Golang_DP-WCC,685,0.850189828
Email-Enron,Golang_DP-WCC,686,0.850191869
Email-Enron,Golang_DP-WCC,687,0.850194294
Email-Enron,Golang_DP-WCC,688,0.850197733
Email-Enron,Golang_DP-WCC,689,0.850201709
Email-Enron,Golang_DP-WCC,690,0.850206366
Email-Enron,Golang_DP-WCC,691,0.850211399
Email-Enron,Golang_DP-WCC,692,0.850223039
Email-Enron,Golang_DP-WCC,693,0.850242171
Email-Enron,Golang_DP-WCC,694,0.850244945
Email-Enron,Golang_DP-WCC,695,0.850249307
Email-Enron,Golang_DP-WCC,696,0.850254325
Email-Enron,Golang_DP-WCC,697,0.850255214
Email-Enron,Golang_DP-WCC,698,0.850277429
Email-Enron,Golang_DP-WCC,699,0.850295905
Email-Enron,Golang_DP-WCC,700,0.850306137
Email-Enron,Golang_DP-WCC,701,0.850317436
Email-Enron,Golang_DP-WCC,702,0.850326403
Email-Enron,Golang_DP-WCC,703,0.850335565
Email-Enron,Golang_DP-WCC,704,0.850355549
Email-Enron,Golang_DP-WCC,705,0.850371026
Email-Enron,Golang_DP-WCC,706,0.850381556
Email-Enron,Golang_DP-WCC,707,0.850410439
Email-Enron,Golang_DP-WCC,708,0.850419495
Email-Enron,Golang_DP-WCC,709,0.850424114
Email-Enron,Golang_DP-WCC,710,0.850463129
Email-Enron,Golang_DP-WCC,711,0.850469861
Email-Enron,Golang_DP-WCC,712,0.850476187
Email-Enron,Golang_DP-WCC,713,0.850481673
Email-Enron,Golang_DP-WCC,714,0.850487451
Email-Enron,Golang_DP-WCC,715,0.850490893
Email-Enron,Golang_DP-WCC,716,0.850506074
Email-Enron,Golang_DP-WCC,717,0.850524432
Email-Enron,Golang_DP-WCC,718,0.850530677
Email-Enron,Golang_DP-WCC,719,0.850537598
Email-Enron,Golang_DP-WCC,720,0.850548728
Email-Enron,Golang_DP-WCC,721,0.850552045
Email-Enron,Golang_DP-WCC,722,0.850567277
Email-Enron,Golang_DP-WCC,723,0.850582546
Email-Enron,Golang_DP-WCC,724,0.850591018
Email-Enron,Golang_DP-WCC,725,0.85059496
Email-Enron,Golang_DP-WCC,726,0.850605172
Email-Enron,Golang_DP-WCC,727,0.850622885
Email-Enron,Golang_DP-WCC,728,0.850641661
Email-Enron,Golang_DP-WCC,729,0.850646488
Email-Enron,Golang_DP-WCC,730,0.850653097
Email-Enron,Golang_DP-WCC,731,0.850659759
Email-Enron,Golang_DP-WCC,732,0.850668827
Email-Enron,Golang_DP-WCC,733,0.850676629
Email-Enron,Golang_DP-WCC,734,0.850686476
Email-Enron,Golang_DP-WCC,735,0.850698293
Email-Enron,Golang_DP-WCC,736,0.850711419
Email-Enron,Golang_DP-WCC,737,0.850715403
Email-Enron,Golang_DP-WCC,738,0.850734186
Email-Enron,Golang_DP-WCC,739,0.850750436
Email-Enron,Golang_DP-WCC,740,0.850755215
Email-Enron,Golang_DP-WCC,741,0.85077656
Email-Enron,Golang_DP-WCC,742,0.850800546
Email-Enron,Golang_DP-WCC,743,0.850812701
Email-Enron,Golang_DP-WCC,744,0.85081825
Email-Enron,Golang_DP-WCC,745,0.850823689
Email-Enron,Golang_DP-WCC,746,0.85083438
Email-Enron,Golang_DP-WCC,747,0.850855591
Email-Enron,Golang_DP-WCC,748,0.850873924
Email-Enron,Golang_DP-WCC,749,0.850878957
Email-Enron,Golang_DP-WCC,750,0.851358494
Email-Enron,Golang_DP-WCC,751,0.851359798
Email-Enron,Golang_DP-WCC,752,0.851361414
Email-Enron,Golang_DP-WCC,753,0.851363822
Email-Enron,Golang_DP-WCC,754,0.851367023
Email-Enron,Golang_DP-WCC,755,0.851370666
Email-Enron,Golang_DP-WCC,756,0.851375299
Email-Enron,Golang_DP-WCC,757,0.851380258
Email-Enron,Golang_DP-WCC,758,0.851385738
Email-Enron,Golang_DP-WCC,759,0.851392025
Email-Enron,Golang_DP-WCC,760,0.851396315
Email-Enron,Golang_DP-WCC,761,0.851401569
Email-Enron,Golang_DP-WCC,762,0.851406944
Email-Enron,Golang_DP-WCC,763,0.851412831
Email-Enron,Golang_DP-WCC,764,0.851419436
Email-Enron,Golang_DP-WCC,765,0.851425306
Email-Enron,Golang_DP-WCC,766,0.851436084
Email-Enron,Golang_DP-WCC,767,0.851446888
Email-Enron,Golang_DP-WCC,768,0.851458294
Email-Enron,Golang_DP-WCC,769,0.851470525
Email-Enron,Golang_DP-WCC,770,0.85239031
Email-Enron,Golang_DP-WCC,771,0.852391394
Email-Enron,Golang_DP-WCC,772,0.852393151
Email-Enron,Golang_DP-WCC,773,0.852395666
Email-Enron,Golang_DP-WCC,774,0.852398597
Email-Enron,Golang_DP-WCC,775,0.852402203
Email-Enron,Golang_DP-WCC,776,0.852406941
Email-Enron,Golang_DP-WCC,777,0.852409486
Email-Enron,Golang_DP-WCC,778,0.852414682
Email-Enron,Golang_DP-WCC,779,0.852421393
Email-Enron,Golang_DP-WCC,780,0.852442907
Email-Enron,Golang_DP-WCC,781,0.852444361
Email-Enron,Golang_DP-WCC,782,0.85244792
Email-Enron,Golang_DP-WCC,783,0.852459528
Email-Enron,Golang_DP-WCC,784,0.852460122
Email-Enron,Golang_DP-WCC,785,0.852461183
Email-Enron,Golang_DP-WCC,786,0.852462862
Email-Enron,Golang_DP-WCC,787,0.852465006
Email-Enron,Golang_DP-WCC,788,0.852467608
Email-Enron,Golang_DP-WCC,789,0.852470906
Email-Enron,Golang_DP-WCC,790,0.852473614
Email-Enron,Golang_DP-WCC,791,0.852476536
Email-Enron,Golang_DP-WCC,792,0.852479798
Email-Enron,Golang_DP-WCC,793,0.852485217
Email-Enron,Golang_DP-WCC,794,0.852490943
Email-Enron,Golang_DP-WCC,795,0.852495055
Email-Enron,Golang_DP-WCC,796,0.852496799
Email-Enron,Golang_DP-WCC,797,0.852504121
Email-Enron,Golang_DP-WCC,798,0.852509553
Email-Enron,Golang_DP-WCC,799,0.85251413
Email-Enron,Golang_DP-WCC,800,0.852523298
Email-Enron,Golang_DP-WCC,801,0.852526542
Email-Enron,Golang_DP-WCC,802,0.852529123
Email-Enron,Golang_DP-WCC,803,0.852537765
Email-Enron,Golang_DP-WCC,804,0.852547722
Email-Enron,Golang_DP-WCC,805,0.852555018
Email-Enron,Golang_DP-WCC,806,0.852561217
Email-Enron,Golang_DP-WCC,807,0.852564755
Email-Enron,Golang_DP-WCC,808,0.852568711
Email-Enron,Golang_DP-WCC,809,0.85257197
Email-Enron,Golang_DP-WCC,810,0.852583774
Email-Enron,Golang_DP-WCC,811,0.852590385
Email-Enron,Golang_DP-WCC,812,0.852593605
Email-Enron,Golang_DP-WCC,813,0.85259962
Email-Enron,Golang_DP-WCC,814,0.852602279
Email-Enron,Golang_DP-WCC,815,0.852609502
Email-Enron,Golang_DP-WCC,816,0.852612563
Email-Enron,Golang_DP-WCC,817,0.852618742
Email-Enron,Golang_DP-WCC,818,0.852621872
Email-Enron,Golang_DP-WCC,819,0.852630232
Email-Enron,Golang_DP-WCC,820,0.85263578
Email-Enron,Golang_DP-WCC,821,0.852654102
Email-Enron,Golang_DP-WCC,822,0.852664304
Email-Enron,Golang_DP-WCC,823,0.852675473
Email-Enron,Golang_DP-WCC,824,0.852688525
Email-Enron,Golang_DP-WCC,825,0.852691738
Email-Enron,Golang_DP-WCC,826,0.85270023
Email-Enron,Golang_DP-WCC,827,0.852713501
Email-Enron,Golang_DP-WCC,828,0.852723855
Email-Enron,Golang_DP-WCC,829,0.852727798
Email-Enron,Golang_DP-WCC,830,0.852743015
Email-Enron,Golang_DP-WCC,831,0.852747299
Email-Enron,Golang_DP-WCC,832,0.852751815
Email-Enron,Golang_DP-WCC,833,0.85275698
Email-Enron,Golang_DP-WCC,834,0.85276225
Email-Enron,Golang_DP-WCC,835,0.852777316
Email-Enron,Golang_DP-WCC,836,0.852782026
Email-Enron,Golang_DP-WCC,837,0.852785594
Email-Enron,Golang_DP-WCC,838,0.852788554
Email-Enron,Golang_DP-WCC,839,0.85279372
Email-Enron,Golang_DP-WCC,840,0.852801982
Email-Enron,Golang_DP-WCC,841,0.852809163
Email-Enron,Golang_DP-WCC,842,0.852814793
Email-Enron,Golang_DP-WCC,843,0.852819696
Email-Enron,Golang_DP-WCC,844,0.852823309
Email-Enron,Golang_DP-WCC,845,0.852827902
Email-Enron,Golang_DP-WCC,846,0.852842877
Email-Enron,Golang_DP-WCC,847,0.852850746
Email-Enron,Golang_DP-WCC,848,0.852857759
Email-Enron,Golang_DP-WCC,849,0.85286516
Email-Enron,Golang_DP-WCC,850,0.852874636
Email-Enron,Golang_DP-WCC,851,0.852879638
Email-Enron,Golang_DP-WCC,852,0.852888092
Email-Enron,Golang_DP-WCC,853,0.852913071
Email-Enron,Golang_DP-WCC,854,0.852919087
Email-Enron,Golang_DP-WCC,855,0.852927732
Email-Enron,Golang_DP-WCC,856,0.852930536
Email-Enron,Golang_DP-WCC,857,0.852963761
Email-Enron,Golang_DP-WCC,858,0.852971121
Email-Enron,Golang_DP-WCC,859,0.85309952
Email-Enron,Golang_DP-WCC,860,0.853100269
Email-Enron,Golang_DP-WCC,861,0.853101603
Email-Enron,Golang_DP-WCC,862,0.853103255
Email-Enron,Golang_DP-WCC,863,0.853105659
Email-Enron,Golang_DP-WCC,864,0.853108177
Email-Enron,Golang_DP-WCC,865,0.853109479
Email-Enron,Golang_DP-WCC,866,0.853111773
Email-Enron,Golang_DP-WCC,867,0.853115911
Email-Enron,Golang_DP-WCC,868,0.853120289
Email-Enron,Golang_DP-WCC,869,0.853122911
Email-Enron,Golang_DP-WCC,870,0.853128333
Email-Enron,Golang_DP-WCC,871,0.853134242
Email-Enron,Golang_DP-WCC,872,0.853140595
Email-Enron,Golang_DP-WCC,873,0.853176589
Email-Enron,Golang_DP-WCC,874,0.853177217
Email-Enron,Golang_DP-WCC,875,0.853178334
Email-Enron,Golang_DP-WCC,876,0.85317974
Email-Enron,Golang_DP-WCC,877,0.853181912
Email-Enron,Golang_DP-WCC,878,0.853184503
Email-Enron,Golang_DP-WCC,879,0.853401879
Email-Enron,Golang_DP-WCC,880,0.853402943
Email-Enron,Golang_DP-WCC,881,0.853404928
Email-Enron,Golang_DP-WCC,882,0.853407217
Email-Enron,Golang_DP-WCC,883,0.853410633
Email-Enron,Golang_DP-WCC,884,0.853414397
Email-Enron,Golang_DP-WCC,885,0.853418614
Email-Enron,Golang_DP-WCC,886,0.853423324
Email-Enron,Golang_DP-WCC,887,0.853428825
Email-Enron,Golang_DP-WCC,888,0.853432425
Email-Enron,Golang_DP-WCC,889,0.853434563
Email-Enron,Golang_DP-WCC,890,0.853440159
Email-Enron,Golang_DP-WCC,891,0.85344543
Email-Enron,Golang_DP-WCC,892,0.853448197
Email-Enron,Golang_DP-WCC,893,0.853454528
Email-Enron,Golang_DP-WCC,894,0.85346161
Email-Enron,Golang_DP-WCC,895,0.853464535
Email-Enron,Golang_DP-WCC,896,0.853690961
Email-Enron,Golang_DP-WCC,897,0.853692106
Email-Enron,Golang_DP-WCC,898,0.853693952
Email-Enron,Golang_DP-WCC,899,0.853696279
Email-Enron,Golang_DP-WCC,900,0.853699133
Email-Enron,Golang_DP-WCC,901,0.853702575
Email-Enron,Golang_DP-WCC,902,0.853706784
Email-Enron,Golang_DP-WCC,903,0.853710379
Email-Enron,Golang_DP-WCC,904,0.853713978
Email-Enron,Golang_DP-WCC,905,0.853720039
Email-Enron,Golang_DP-WCC,906,0.853728439
Email-Enron,Golang_DP-WCC,907,0.853733243
Email-Enron,Golang_DP-WCC,908,0.853738121
Email-Enron,Golang_DP-WCC,909,0.853746575
Email-Enron,Golang_DP-WCC,910,0.853752454
Email-Enron,Golang_DP-WCC,911,0.853762443
Email-Enron,Golang_DP-WCC,912,0.85377281
Email-Enron,Golang_DP-WCC,913,0.85377685
Email-Enron,Golang_DP-WCC,914,0.853788238
Email-Enron,Golang_DP-WCC,915,0.85379212
Email-Enron,Golang_DP-WCC,916,0.853794357
Email-Enron,Golang_DP-WCC,917,0.853810985
Email-Enron,Golang_DP-WCC,918,0.853813683
Email-Enron,Golang_DP-WCC,919,0.853828737
Email-Enron,Golang_DP-WCC,920,0.853832084
Email-Enron,Golang_DP-WCC,921,0.853844435
Email-Enron,Golang_DP-WCC,922,0.85385239
Email-Enron,Golang_DP-WCC,923,0.853856148
Email-Enron,Golang_DP-WCC,924,0.8538673
Email-Enron,Golang_DP-WCC,925,0.853878705
Email-Enron,Golang_DP-WCC,926,0.854072269
Email-Enron,Golang_DP-WCC,927,0.854073277
Email-Enron,Golang_DP-WCC,928,0.854074864
Email-Enron,Golang_DP-WCC,929,0.854076966
Email-Enron,Golang_DP-WCC,930,0.854079931
Email-Enron,Golang_DP-WCC,931,0.854083548
Email-Enron,Golang_DP-WCC,932,0.854087547
Email-Enron,Golang_DP-WCC,933,0.854091964
Email-Enron,Golang_DP-WCC,934,0.854097477
Email-Enron,Golang_DP-WCC,935,0.854102262
Email-Enron,Golang_DP-WCC,936,0.854106671
Email-Enron,Golang_DP-WCC,937,0.854110602
Email-Enron,Golang_DP-WCC,938,0.854116901
Email-Enron,Golang_DP-WCC,939,0.854117868
Email-Enron,Golang_DP-WCC,940,0.854119548
Email-Enron,Golang_DP-WCC,941,0.854125006
Email-Enron,Golang_DP-WCC,942,0.854127959
Email-Enron,Golang_DP-WCC,943,0.854131772
Email-Enron,Golang_DP-WCC,944,0.854132575
Email-Enron,Golang_DP-WCC,945,0.854136984
Email-Enron,Golang_DP-WCC,946,0.854159443
Email-Enron,Golang_DP-WCC,947,0.854160345
Email-Enron,Golang_DP-WCC,948,0.854161759
Email-Enron,Golang_DP-WCC,949,0.854163997
Email-Enron,Golang_DP-WCC,950,0.854175106
Email-Enron,Golang_DP-WCC,951,0.854175874
Email-Enron,Golang_DP-WCC,952,0.854177477
Email-Enron,Golang_DP-WCC,953,0.854196012
Email-Enron,Golang_DP-WCC,954,0.854196918
Email-Enron,Golang_DP-WCC,955,0.854198514
Email-Enron,Golang_DP-WCC,956,0.854200938
Email-Enron,Golang_DP-WCC,957,0.854203465
Email-Enron,Golang_DP-WCC,958,0.854207077
Email-Enron,Golang_DP-WCC,959,0.854211453
Email-Enron,Golang_DP-WCC,960,0.854215294
Email-Enron,Golang_DP-WCC,961,0.854219137
Email-Enron,Golang_DP-WCC,962,0.85422558
Email-Enron,Golang_DP-WCC,963,0.854227289
Email-Enron,Golang_DP-WCC,964,0.854233011
Email-Enron,Golang_DP-WCC,965,0.854243704
Email-Enron,Golang_DP-WCC,966,0.854248406
Email-Enron,Golang_DP-WCC,967,0.854252287
Email-Enron,Golang_DP-WCC,968,0.854255488
Email-Enron,Golang_DP-WCC,969,0.854261878
Email-Enron,Golang_DP-WCC,970,0.854266264
Email-Enron,Golang_DP-WCC,971,0.854273987
Email-Enron,Golang_DP-WCC,972,0.854289625
Email-Enron,Golang_DP-WCC,973,0.85429062
Email-Enron,Golang_DP-WCC,974,0.854292238
Email-Enron,Golang_DP-WCC,975,0.854294437
Email-Enron,Golang_DP-WCC,976,0.854297378
Email-Enron,Golang_DP-WCC,977,0.854304399
Email-Enron,Golang_DP-WCC,978,0.854309863
Email-Enron,Golang_DP-WCC,979,0.85431599
Email-Enron,Golang_DP-WCC,980,0.854327616
Email-Enron,Golang_DP-WCC,981,0.854329372
Email-Enron,Golang_DP-WCC,982,0.854372265
Email-Enron,Golang_DP-WCC,983,0.854373157
Email-Enron,Golang_DP-WCC,984,0.854374791
Email-Enron,Golang_DP-WCC,985,0.854376817
Email-Enron,Golang_DP-WCC,986,0.854380032
Email-Enron,Golang_DP-WCC,987,0.854383749
Email-Enron,Golang_DP-WCC,988,0.854387845
Email-Enron,Golang_DP-WCC,989,0.854391686
Email-Enron,Golang_DP-WCC,990,0.854395227
Email-Enron,Golang_DP-WCC,991,0.854401478
Email-Enron,Golang_DP-WCC,992,0.85440553
Email-Enron,Golang_DP-WCC,993,0.854413635
Email-Enron,Golang_DP-WCC,994,0.854419691
Email-Enron,Golang_DP-WCC,995,0.854422937
Email-Enron,Golang_DP-WCC,996,0.854450854
Email-Enron,Golang_DP-WCC,997,0.85445155
Email-Enron,Golang_DP-WCC,998,0.854452866
Email-Enron,Golang_DP-WCC,999,0.854468347
Email-Enron,Golang_DP-WCC,1000,0.854470164
Email-Enron,Golang_DP-WCC,1001,0.854472539
Email-Enron,Golang_DP-WCC,1002,0.854520791
Email-Enron,Golang_DP-WCC,1003,0.854521691
Email-Enron,Golang_DP-WCC,1004,0.85452332
Email-Enron,Golang_DP-WCC,1005,0.854561903
Email-Enron,Golang_DP-WCC,1006,0.85456276
Email-Enron,Golang_DP-WCC,1007,0.854564193
Email-Enron,Golang_DP-WCC,1008,0.854565911
Email-Enron,Golang_DP-WCC,1009,0.854569198
Email-Enron,Golang_DP-WCC,1010,0.85457202
Email-Enron,Golang_DP-WCC,1011,0.854573965
Email-Enron,Golang_DP-WCC,1012,0.854576152
Email-Enron,Golang_DP-WCC,1013,0.854579035
Email-Enron,Golang_DP-WCC,1014,0.854581588
Email-Enron,Golang_DP-WCC,1015,0.854584185
Email-Enron,Golang_DP-WCC,1016,0.854587577
Email-Enron,Golang_DP-WCC,1017,0.854592308
Email-Enron,Golang_DP-WCC,1018,0.854593304
Email-Enron,Golang_DP-WCC,1019,0.85459708
Email-Enron,Golang_DP-WCC,1020,0.854599313
Email-Enron,Golang_DP-WCC,1021,0.854602226
Email-Enron,Golang_DP-WCC,1022,0.854606636
Email-Enron,Golang_DP-WCC,1023,0.854609768
Email-Enron,Golang_DP-WCC,1024,0.854612047
Email-Enron,Golang_DP-WCC,1025,0.854614553
Email-Enron,Golang_DP-WCC,1026,0.854634193
Email-Enron,Golang_DP-WCC,1027,0.854635287
Email-Enron,Golang_DP-WCC,1028,0.854636429
Email-Enron,Golang_DP-WCC,1029,0.85463843
Email-Enron,Golang_DP-WCC,1030,0.854641127
Email-Enron,Golang_DP-WCC,1031,0.854644163
Email-Enron,Golang_DP-WCC,1032,0.854647066
Email-Enron,Golang_DP-WCC,1033,0.85464875
Email-Enron,Golang_DP-WCC,1034,0.854655168
Email-Enron,Golang_DP-WCC,1035,0.854655901
Email-Enron,Golang_DP-WCC,1036,0.85465722
Email-Enron,Golang_DP-WCC,1037,0.854676689
Email-Enron,Golang_DP-WCC,1038,0.854677705
Email-Enron,Golang_DP-WCC,1039,0.854678942
Email-Enron,Golang_DP-WCC,1040,0.854680685
Email-Enron,Golang_DP-WCC,1041,0.85468298
Email-Enron,Golang_DP-WCC,1042,0.854686594
Email-Enron,Golang_DP-WCC,1043,0.854691051
Email-Enron,Golang_DP-WCC,1044,0.854695167
Email-Enron,Golang_DP-WCC,1045,0.854698963
Email-Enron,Golang_DP-WCC,1046,0.854703272
Email-Enron,Golang_DP-WCC,1047,0.854708094
Email-Enron,Golang_DP-WCC,1048,0.854713179
Email-Enron,Golang_DP-WCC,1049,0.854717546
Email-Enron,Golang_DP-WCC,1050,0.85472252
Email-Enron,Golang_DP-WCC,1051,0.854727489
Email-Enron,Golang_DP-WCC,1052,0.85473258
Email-Enron,Golang_DP-WCC,1053,0.854755141
Email-Enron,Golang_DP-WCC,1054,0.85475567
Email-Enron,Golang_DP-WCC,1055,0.854756459
Email-Enron,Golang_DP-WCC,1056,0.854757551
Email-Enron,Golang_DP-WCC,1057,0.854758961
Email-Enron,Golang_DP-WCC,1058,0.854760683
Email-Enron,Golang_DP-WCC,1059,0.854762906
Email-Enron,Golang_DP-WCC,1060,0.854765319
Email-Enron,Golang_DP-WCC,1061,0.8547737
Email-Enron,Golang_DP-WCC,1062,0.854774636
Email-Enron,Golang_DP-WCC,1063,0.854775709
Email-Enron,Golang_DP-WCC,1064,0.854777202
Email-Enron,Golang_DP-WCC,1065,0.854780133
