ca-AstroPh,DP-WCC,1,0.04418945312
ca-AstroPh,DP-WCC,2,0.1459960938
ca-AstroPh,DP-WCC,3,0.154296875
ca-AstroPh,DP-WCC,4,0.1591796875
ca-AstroPh,DP-WCC,5,0.1643066406
ca-AstroPh,DP-WCC,6,0.1831054688
ca-AstroPh,DP-WCC,7,0.2092285156
ca-AstroPh,DP-WCC,8,0.2292480469
ca-AstroPh,DP-WCC,9,0.2373046875
ca-AstroPh,DP-WCC,10,0.2680664063
ca-AstroPh,DP-WCC,11,0.2922363281
ca-AstroPh,DP-WCC,12,0.3000488281
ca-AstroPh,DP-WCC,13,0.3051757813
ca-AstroPh,DP-WCC,14,0.3100585938
ca-AstroPh,DP-WCC,15,0.3420410156
ca-AstroPh,DP-WCC,16,0.3483886719
ca-AstroPh,DP-WCC,17,0.3532714844
ca-AstroPh,DP-WCC,18,0.3583984375
ca-AstroPh,DP-WCC,19,0.3630371094
ca-AstroPh,DP-WCC,20,0.3671875
ca-AstroPh,DP-WCC,21,0.37109375
ca-AstroPh,DP-WCC,22,0.3752441406
ca-AstroPh,DP-WCC,23,0.3803710938
ca-AstroPh,DP-WCC,24,0.3840332031
ca-AstroPh,DP-WCC,25,0.3891601563
ca-AstroPh,DP-WCC,26,0.4020996094
ca-AstroPh,DP-WCC,27,0.40625
ca-AstroPh,DP-WCC,28,0.41015625
ca-AstroPh,DP-WCC,29,0.4140625
ca-AstroPh,DP-WCC,30,0.4172363281
ca-AstroPh,DP-WCC,31,0.4421386719
ca-AstroPh,DP-WCC,32,0.4543457031
ca-AstroPh,DP-WCC,33,0.4621582031
ca-AstroPh,DP-WCC,34,0.4912109375
ca-AstroPh,DP-WCC,35,0.5151367188
ca-AstroPh,DP-WCC,36,0.5310058594
ca-AstroPh,DP-WCC,37,0.5471191406
ca-AstroPh,DP-WCC,38,0.5561523438
ca-AstroPh,DP-WCC,39,0.5629882813
ca-AstroPh,DP-WCC,40,0.5703125
ca-AstroPh,DP-WCC,41,0.576171875
ca-AstroPh,DP-WCC,42,0.5832519531
ca-AstroPh,DP-WCC,43,0.5913085938
ca-AstroPh,DP-WCC,44,0.5981445313
ca-AstroPh,DP-WCC,45,0.6049804688
ca-AstroPh,DP-WCC,46,0.61328125
ca-AstroPh,DP-WCC,47,0.619140625
ca-AstroPh,DP-WCC,48,0.6259765625
ca-AstroPh,DP-WCC,49,0.6333007813
ca-AstroPh,DP-WCC,50,0.6401367188
ca-AstroPh,DP-WCC,51,0.6481933594
ca-AstroPh,DP-WCC,52,0.65625
ca-AstroPh,DP-WCC,53,0.662109375
ca-AstroPh,DP-WCC,54,0.6689453125
ca-AstroPh,DP-WCC,55,0.6772460938
ca-AstroPh,DP-WCC,56,0.6840820313
ca-AstroPh,DP-WCC,57,0.6911621094
ca-AstroPh,DP-WCC,58,0.69921875
ca-AstroPh,DP-WCC,59,0.7062988281
ca-AstroPh,DP-WCC,60,0.7141113281
ca-AstroPh,DP-WCC,61,0.7211914063
ca-AstroPh,DP-WCC,62,0.7282714844
ca-AstroPh,DP-WCC,63,0.7360839844
ca-AstroPh,DP-WCC,64,0.7431640625
ca-AstroPh,DP-WCC,65,0.7512207031
ca-AstroPh,DP-WCC,66,0.7592773438
ca-AstroPh,DP-WCC,67,0.7661132813
ca-AstroPh,DP-WCC,68,0.7731933594
ca-AstroPh,DP-WCC,69,0.7822265625
ca-AstroPh,DP-WCC,70,0.7900390625
ca-AstroPh,DP-WCC,71,0.7990722656
ca-AstroPh,DP-WCC,72,1.959960938
ca-AstroPh,DP-WCC,73,1.982177734
ca-AstroPh,DP-WCC,74,2.038085938
ca-AstroPh,DP-WCC,75,2.067138672
ca-AstroPh,DP-WCC,76,2.129394531
ca-AstroPh,DP-WCC,77,2.145263672
ca-AstroPh,DP-WCC,78,2.196044922
ca-AstroPh,DP-WCC,79,2.232177734
ca-AstroPh,DP-WCC,80,2.246337891
ca-AstroPh,DP-WCC,81,2.253173828
ca-AstroPh,DP-WCC,82,9.637207031
ca-AstroPh,DP-WCC,83,9.682128906
ca-AstroPh,DP-WCC,84,9.694091797
ca-AstroPh,DP-WCC,85,9.703125
ca-AstroPh,DP-WCC,86,9.709228516
ca-AstroPh,DP-WCC,87,9.716064453
ca-AstroPh,DP-WCC,88,9.723388672
ca-AstroPh,DP-WCC,89,9.731201172
ca-AstroPh,DP-WCC,90,10.82128906
ca-AstroPh,DP-WCC,91,10.85229492
ca-AstroPh,DP-WCC,92,10.86328125
ca-AstroPh,DP-WCC,93,10.87011719
ca-AstroPh,DP-WCC,94,10.87817383
ca-AstroPh,DP-WCC,95,10.88525391
ca-AstroPh,DP-WCC,96,10.89208984
ca-AstroPh,DP-WCC,97,10.89916992
ca-AstroPh,DP-WCC,98,10.90527344
ca-AstroPh,DP-WCC,99,10.91210938
ca-AstroPh,DP-WCC,100,10.91894531
ca-AstroPh,DP-WCC,101,10.92529297
ca-AstroPh,DP-WCC,102,10.93310547
ca-AstroPh,DP-WCC,103,10.94018555
ca-AstroPh,DP-WCC,104,10.97021484
ca-AstroPh,DP-WCC,105,10.9921875
ca-AstroPh,DP-WCC,106,10.99926758
ca-AstroPh,DP-WCC,107,11.00439453
ca-AstroPh,DP-WCC,108,11.02612305
ca-AstroPh,DP-WCC,109,11.04003906
ca-AstroPh,DP-WCC,110,11.0480957
ca-AstroPh,DP-WCC,111,11.05615234
ca-AstroPh,DP-WCC,112,11.06420898
ca-AstroPh,DP-WCC,113,11.07104492
ca-AstroPh,DP-WCC,114,11.07714844
ca-AstroPh,DP-WCC,115,11.08105469
ca-AstroPh,DP-WCC,116,11.08618164
ca-AstroPh,DP-WCC,117,11.09008789
ca-AstroPh,DP-WCC,118,11.09619141
ca-AstroPh,DP-WCC,119,11.12036133
ca-AstroPh,DP-WCC,120,11.13500977
ca-AstroPh,DP-WCC,121,11.14501953
ca-AstroPh,DP-WCC,122,11.15234375
ca-AstroPh,DP-WCC,123,11.15917969
ca-AstroPh,DP-WCC,124,11.18212891
ca-AstroPh,DP-WCC,125,11.21020508
ca-AstroPh,DP-WCC,126,11.22021484
ca-AstroPh,DP-WCC,127,11.22631836
ca-AstroPh,DP-WCC,128,11.23120117
ca-AstroPh,DP-WCC,129,11.23632813
ca-AstroPh,DP-WCC,130,11.23999023
ca-AstroPh,DP-WCC,131,11.24414063
ca-AstroPh,DP-WCC,132,11.24829102
ca-AstroPh,DP-WCC,133,11.25219727
ca-AstroPh,DP-WCC,134,11.25830078
ca-AstroPh,DP-WCC,135,11.26318359
ca-AstroPh,DP-WCC,136,13.05932617
ca-AstroPh,DP-WCC,137,13.0871582
ca-AstroPh,DP-WCC,138,13.09423828
ca-AstroPh,DP-WCC,139,13.09912109
ca-AstroPh,DP-WCC,140,13.10424805
ca-AstroPh,DP-WCC,141,13.1081543
ca-AstroPh,DP-WCC,142,13.11328125
ca-AstroPh,DP-WCC,143,13.11694336
ca-AstroPh,DP-WCC,144,13.12207031
ca-AstroPh,DP-WCC,145,13.1262207
ca-AstroPh,DP-WCC,146,13.13110352
ca-AstroPh,DP-WCC,147,13.13525391
ca-AstroPh,DP-WCC,148,13.13916016
ca-AstroPh,DP-WCC,149,13.14306641
ca-AstroPh,DP-WCC,150,13.1472168
ca-AstroPh,DP-WCC,151,13.15112305
ca-AstroPh,DP-WCC,152,13.15625
ca-AstroPh,DP-WCC,153,13.16015625
ca-AstroPh,DP-WCC,154,13.16308594
ca-AstroPh,DP-WCC,155,13.89428711
ca-AstroPh,DP-WCC,156,13.91015625
ca-AstroPh,DP-WCC,157,13.91625977
ca-AstroPh,DP-WCC,158,13.92114258
ca-AstroPh,DP-WCC,159,13.92626953
ca-AstroPh,DP-WCC,160,13.93017578
ca-AstroPh,DP-WCC,161,13.93530273
ca-AstroPh,DP-WCC,162,13.94018555
ca-AstroPh,DP-WCC,163,18.2121582
ca-AstroPh,DP-WCC,164,18.26513672
ca-AstroPh,DP-WCC,165,18.27319336
ca-AstroPh,DP-WCC,166,18.27905273
ca-AstroPh,DP-WCC,167,18.28417969
ca-AstroPh,DP-WCC,168,18.29003906
ca-AstroPh,DP-WCC,169,18.29418945
ca-AstroPh,DP-WCC,170,18.29931641
ca-AstroPh,DP-WCC,171,18.30322266
ca-AstroPh,DP-WCC,172,18.30712891
ca-AstroPh,DP-WCC,173,18.32617188
ca-AstroPh,DP-WCC,174,18.34228516
ca-AstroPh,DP-WCC,175,18.35131836
ca-AstroPh,DP-WCC,176,18.35913086
ca-AstroPh,DP-WCC,177,18.3671875
ca-AstroPh,DP-WCC,178,18.37719727
ca-AstroPh,DP-WCC,179,18.38330078
ca-AstroPh,DP-WCC,180,18.39013672
ca-AstroPh,DP-WCC,181,18.39526367
ca-AstroPh,DP-WCC,182,18.39916992
ca-AstroPh,DP-WCC,183,18.40429688
ca-AstroPh,DP-WCC,184,18.40795898
ca-AstroPh,DP-WCC,185,18.41430664
ca-AstroPh,DP-WCC,186,18.42211914
ca-AstroPh,DP-WCC,187,18.42626953
ca-AstroPh,DP-WCC,188,18.43310547
ca-AstroPh,DP-WCC,189,18.45629883
ca-AstroPh,DP-WCC,190,18.46606445
ca-AstroPh,DP-WCC,191,18.47094727
ca-AstroPh,DP-WCC,192,18.47607422
ca-AstroPh,DP-WCC,193,18.48120117
ca-AstroPh,DP-WCC,194,18.48510742
ca-AstroPh,DP-WCC,195,18.48925781
ca-AstroPh,DP-WCC,196,18.49316406
ca-AstroPh,DP-WCC,197,18.49707031
ca-AstroPh,DP-WCC,198,18.5012207
ca-AstroPh,DP-WCC,199,18.50512695
ca-AstroPh,DP-WCC,200,18.50927734
ca-AstroPh,DP-WCC,201,18.51416016
ca-AstroPh,DP-WCC,202,18.51806641
ca-AstroPh,DP-WCC,203,18.5222168
ca-AstroPh,DP-WCC,204,18.52612305
ca-AstroPh,DP-WCC,205,18.53027344
ca-AstroPh,DP-WCC,206,18.53515625
ca-AstroPh,DP-WCC,207,18.53808594
ca-AstroPh,DP-WCC,208,18.54223633
ca-AstroPh,DP-WCC,209,18.54614258
ca-AstroPh,DP-WCC,210,18.55126953
ca-AstroPh,DP-WCC,211,18.55517578
ca-AstroPh,DP-WCC,212,18.55908203
ca-AstroPh,DP-WCC,213,18.56420898
ca-AstroPh,DP-WCC,214,18.56811523
ca-AstroPh,DP-WCC,215,18.57226563
ca-AstroPh,DP-WCC,216,18.57617188
ca-AstroPh,DP-WCC,217,18.58007813
ca-AstroPh,DP-WCC,218,18.58422852
ca-AstroPh,DP-WCC,219,18.58837891
ca-AstroPh,DP-WCC,220,18.59204102
ca-AstroPh,DP-WCC,221,18.59619141
ca-AstroPh,DP-WCC,222,18.60107422
ca-AstroPh,DP-WCC,223,18.60522461
ca-AstroPh,DP-WCC,224,18.609375
ca-AstroPh,DP-WCC,225,18.61206055
ca-AstroPh,DP-WCC,226,18.6171875
ca-AstroPh,DP-WCC,227,18.62036133
ca-AstroPh,DP-WCC,228,18.62402344
ca-AstroPh,DP-WCC,229,18.62915039
ca-AstroPh,DP-WCC,230,18.63305664
ca-AstroPh,DP-WCC,231,18.63720703
ca-AstroPh,DP-WCC,232,18.64208984
ca-AstroPh,DP-WCC,233,19.02319336
ca-AstroPh,DP-WCC,234,19.03417969
ca-AstroPh,DP-WCC,235,19.04125977
ca-AstroPh,DP-WCC,236,19.0480957
ca-AstroPh,DP-WCC,237,19.05615234
ca-AstroPh,DP-WCC,238,19.06225586
ca-AstroPh,DP-WCC,239,19.18212891
ca-AstroPh,DP-WCC,240,19.18701172
ca-AstroPh,DP-WCC,241,19.19213867
ca-AstroPh,DP-WCC,242,19.19628906
ca-AstroPh,DP-WCC,243,19.20117188
ca-AstroPh,DP-WCC,244,19.20532227
ca-AstroPh,DP-WCC,245,19.20898438
ca-AstroPh,DP-WCC,246,19.21313477
ca-AstroPh,DP-WCC,247,19.21728516
ca-AstroPh,DP-WCC,248,19.22216797
ca-AstroPh,DP-WCC,249,19.22631836
ca-AstroPh,DP-WCC,250,19.22998047
ca-AstroPh,DP-WCC,251,19.23413086
ca-AstroPh,DP-WCC,252,19.23999023
ca-AstroPh,DP-WCC,253,19.24609375
ca-AstroPh,DP-WCC,254,19.25097656
ca-AstroPh,DP-WCC,255,19.25512695
ca-AstroPh,DP-WCC,256,19.25927734
ca-AstroPh,DP-WCC,257,19.26416016
ca-AstroPh,DP-WCC,258,19.31713867
ca-AstroPh,DP-WCC,259,19.33007813
ca-AstroPh,DP-WCC,260,19.33520508
ca-AstroPh,DP-WCC,261,19.34008789
ca-AstroPh,DP-WCC,262,19.34423828
ca-AstroPh,DP-WCC,263,19.34912109
ca-AstroPh,DP-WCC,264,19.35327148
ca-AstroPh,DP-WCC,265,19.35717773
ca-AstroPh,DP-WCC,266,19.36108398
ca-AstroPh,DP-WCC,267,19.36621094
ca-AstroPh,DP-WCC,268,19.37011719
ca-AstroPh,DP-WCC,269,19.37426758
ca-AstroPh,DP-WCC,270,19.37817383
ca-AstroPh,DP-WCC,271,19.38305664
ca-AstroPh,DP-WCC,272,19.38720703
ca-AstroPh,DP-WCC,273,19.39111328
ca-AstroPh,DP-WCC,274,19.39526367
ca-AstroPh,DP-WCC,275,19.39941406
ca-AstroPh,DP-WCC,276,19.40307617
ca-AstroPh,DP-WCC,277,19.40820313
ca-AstroPh,DP-WCC,278,19.41210938
ca-AstroPh,DP-WCC,279,19.41625977
ca-AstroPh,DP-WCC,280,19.42041016
ca-AstroPh,DP-WCC,281,19.42407227
ca-AstroPh,DP-WCC,282,19.42919922
ca-AstroPh,DP-WCC,283,19.43310547
ca-AstroPh,DP-WCC,284,19.43725586
ca-AstroPh,DP-WCC,285,19.44140625
ca-AstroPh,DP-WCC,286,19.44506836
ca-AstroPh,DP-WCC,287,19.44921875
ca-AstroPh,DP-WCC,288,19.453125
ca-AstroPh,DP-WCC,289,19.45605469
ca-AstroPh,DP-WCC,290,19.46020508
ca-AstroPh,Haskell-WCC,1,25.713135
ca-AstroPh,Haskell-WCC,2,25.713135
ca-AstroPh,Haskell-WCC,3,25.713135
ca-AstroPh,Haskell-WCC,4,25.713135
ca-AstroPh,Haskell-WCC,5,25.713135
ca-AstroPh,Haskell-WCC,6,25.713135
ca-AstroPh,Haskell-WCC,7,25.713135
ca-AstroPh,Haskell-WCC,8,25.713135
ca-AstroPh,Haskell-WCC,9,25.713135
ca-AstroPh,Haskell-WCC,10,25.713135
ca-AstroPh,Haskell-WCC,11,25.713135
ca-AstroPh,Haskell-WCC,12,25.713135
ca-AstroPh,Haskell-WCC,13,25.713135
ca-AstroPh,Haskell-WCC,14,25.713135
ca-AstroPh,Haskell-WCC,15,25.713135
ca-AstroPh,Haskell-WCC,16,25.713135
ca-AstroPh,Haskell-WCC,17,25.713135
ca-AstroPh,Haskell-WCC,18,25.713135
ca-AstroPh,Haskell-WCC,19,25.713135
ca-AstroPh,Haskell-WCC,20,25.713135
ca-AstroPh,Haskell-WCC,21,25.713135
ca-AstroPh,Haskell-WCC,22,25.713135
ca-AstroPh,Haskell-WCC,23,25.713135
ca-AstroPh,Haskell-WCC,24,25.713135
ca-AstroPh,Haskell-WCC,25,25.713135
ca-AstroPh,Haskell-WCC,26,25.713135
ca-AstroPh,Haskell-WCC,27,25.713135
ca-AstroPh,Haskell-WCC,28,25.713135
ca-AstroPh,Haskell-WCC,29,25.713135
ca-AstroPh,Haskell-WCC,30,25.713135
ca-AstroPh,Haskell-WCC,31,25.713135
ca-AstroPh,Haskell-WCC,32,25.713135
ca-AstroPh,Haskell-WCC,33,25.713135
ca-AstroPh,Haskell-WCC,34,25.713135
ca-AstroPh,Haskell-WCC,35,25.713135
ca-AstroPh,Haskell-WCC,36,25.713135
ca-AstroPh,Haskell-WCC,37,25.713135
ca-AstroPh,Haskell-WCC,38,25.713135
ca-AstroPh,Haskell-WCC,39,25.713135
ca-AstroPh,Haskell-WCC,40,25.713135
ca-AstroPh,Haskell-WCC,41,25.713135
ca-AstroPh,Haskell-WCC,42,25.713135
ca-AstroPh,Haskell-WCC,43,25.713135
ca-AstroPh,Haskell-WCC,44,25.713135
ca-AstroPh,Haskell-WCC,45,25.713135
ca-AstroPh,Haskell-WCC,46,25.713135
ca-AstroPh,Haskell-WCC,47,25.713135
ca-AstroPh,Haskell-WCC,48,25.713135
ca-AstroPh,Haskell-WCC,49,25.713135
ca-AstroPh,Haskell-WCC,50,25.713135
ca-AstroPh,Haskell-WCC,51,25.713135
ca-AstroPh,Haskell-WCC,52,25.713135
ca-AstroPh,Haskell-WCC,53,25.713135
ca-AstroPh,Haskell-WCC,54,25.713135
ca-AstroPh,Haskell-WCC,55,25.713135
ca-AstroPh,Haskell-WCC,56,25.713135
ca-AstroPh,Haskell-WCC,57,25.713135
ca-AstroPh,Haskell-WCC,58,25.713135
ca-AstroPh,Haskell-WCC,59,25.713135
ca-AstroPh,Haskell-WCC,60,25.713135
ca-AstroPh,Haskell-WCC,61,25.713135
ca-AstroPh,Haskell-WCC,62,25.713135
ca-AstroPh,Haskell-WCC,63,25.713135
ca-AstroPh,Haskell-WCC,64,25.713135
ca-AstroPh,Haskell-WCC,65,25.713135
ca-AstroPh,Haskell-WCC,66,25.713135
ca-AstroPh,Haskell-WCC,67,25.713135
ca-AstroPh,Haskell-WCC,68,25.713135
ca-AstroPh,Haskell-WCC,69,25.713135
ca-AstroPh,Haskell-WCC,70,25.713135
ca-AstroPh,Haskell-WCC,71,25.713135
ca-AstroPh,Haskell-WCC,72,25.713135
ca-AstroPh,Haskell-WCC,73,25.713135
ca-AstroPh,Haskell-WCC,74,25.713135
ca-AstroPh,Haskell-WCC,75,25.713135
ca-AstroPh,Haskell-WCC,76,25.713135
ca-AstroPh,Haskell-WCC,77,25.713135
ca-AstroPh,Haskell-WCC,78,25.713135
ca-AstroPh,Haskell-WCC,79,25.713135
ca-AstroPh,Haskell-WCC,80,25.713135
ca-AstroPh,Haskell-WCC,81,25.713135
ca-AstroPh,Haskell-WCC,82,25.713135
ca-AstroPh,Haskell-WCC,83,25.713135
ca-AstroPh,Haskell-WCC,84,25.713135
ca-AstroPh,Haskell-WCC,85,25.713135
ca-AstroPh,Haskell-WCC,86,25.713135
ca-AstroPh,Haskell-WCC,87,25.713135
ca-AstroPh,Haskell-WCC,88,25.713135
ca-AstroPh,Haskell-WCC,89,25.713135
ca-AstroPh,Haskell-WCC,90,25.713135
ca-AstroPh,Haskell-WCC,91,25.713135
ca-AstroPh,Haskell-WCC,92,25.713135
ca-AstroPh,Haskell-WCC,93,25.713135
ca-AstroPh,Haskell-WCC,94,25.713135
ca-AstroPh,Haskell-WCC,95,25.713135
ca-AstroPh,Haskell-WCC,96,25.713135
ca-AstroPh,Haskell-WCC,97,25.713135
ca-AstroPh,Haskell-WCC,98,25.713135
ca-AstroPh,Haskell-WCC,99,25.713135
ca-AstroPh,Haskell-WCC,100,25.713135
ca-AstroPh,Haskell-WCC,101,25.713135
ca-AstroPh,Haskell-WCC,102,25.713135
ca-AstroPh,Haskell-WCC,103,25.713135
ca-AstroPh,Haskell-WCC,104,25.713135
ca-AstroPh,Haskell-WCC,105,25.713135
ca-AstroPh,Haskell-WCC,106,25.713135
ca-AstroPh,Haskell-WCC,107,25.713135
ca-AstroPh,Haskell-WCC,108,25.713135
ca-AstroPh,Haskell-WCC,109,25.713135
ca-AstroPh,Haskell-WCC,110,25.713135
ca-AstroPh,Haskell-WCC,111,25.713135
ca-AstroPh,Haskell-WCC,112,25.713135
ca-AstroPh,Haskell-WCC,113,25.713135
ca-AstroPh,Haskell-WCC,114,25.713135
ca-AstroPh,Haskell-WCC,115,25.713135
ca-AstroPh,Haskell-WCC,116,25.713135
ca-AstroPh,Haskell-WCC,117,25.713135
ca-AstroPh,Haskell-WCC,118,25.713135
ca-AstroPh,Haskell-WCC,119,25.713135
ca-AstroPh,Haskell-WCC,120,25.713135
ca-AstroPh,Haskell-WCC,121,25.713135
ca-AstroPh,Haskell-WCC,122,25.713135
ca-AstroPh,Haskell-WCC,123,25.713135
ca-AstroPh,Haskell-WCC,124,25.713135
ca-AstroPh,Haskell-WCC,125,25.713135
ca-AstroPh,Haskell-WCC,126,25.713135
ca-AstroPh,Haskell-WCC,127,25.713135
ca-AstroPh,Haskell-WCC,128,25.713135
ca-AstroPh,Haskell-WCC,129,25.713135
ca-AstroPh,Haskell-WCC,130,25.713135
ca-AstroPh,Haskell-WCC,131,25.713135
ca-AstroPh,Haskell-WCC,132,25.713135
ca-AstroPh,Haskell-WCC,133,25.713135
ca-AstroPh,Haskell-WCC,134,25.713135
ca-AstroPh,Haskell-WCC,135,25.713135
ca-AstroPh,Haskell-WCC,136,25.713135
ca-AstroPh,Haskell-WCC,137,25.713135
ca-AstroPh,Haskell-WCC,138,25.713135
ca-AstroPh,Haskell-WCC,139,25.713135
ca-AstroPh,Haskell-WCC,140,25.713135
ca-AstroPh,Haskell-WCC,141,25.713135
ca-AstroPh,Haskell-WCC,142,25.713135
ca-AstroPh,Haskell-WCC,143,25.713135
ca-AstroPh,Haskell-WCC,144,25.713135
ca-AstroPh,Haskell-WCC,145,25.713135
ca-AstroPh,Haskell-WCC,146,25.713135
ca-AstroPh,Haskell-WCC,147,25.713135
ca-AstroPh,Haskell-WCC,148,25.713135
ca-AstroPh,Haskell-WCC,149,25.713135
ca-AstroPh,Haskell-WCC,150,25.713135
ca-AstroPh,Haskell-WCC,151,25.713135
ca-AstroPh,Haskell-WCC,152,25.713135
ca-AstroPh,Haskell-WCC,153,25.713135
ca-AstroPh,Haskell-WCC,154,25.713135
ca-AstroPh,Haskell-WCC,155,25.713135
ca-AstroPh,Haskell-WCC,156,25.713135
ca-AstroPh,Haskell-WCC,157,25.713135
ca-AstroPh,Haskell-WCC,158,25.713135
ca-AstroPh,Haskell-WCC,159,25.713135
ca-AstroPh,Haskell-WCC,160,25.713135
ca-AstroPh,Haskell-WCC,161,25.713135
ca-AstroPh,Haskell-WCC,162,25.713135
ca-AstroPh,Haskell-WCC,163,25.713135
ca-AstroPh,Haskell-WCC,164,25.713135
ca-AstroPh,Haskell-WCC,165,25.713135
ca-AstroPh,Haskell-WCC,166,25.713135
ca-AstroPh,Haskell-WCC,167,25.713135
ca-AstroPh,Haskell-WCC,168,25.713135
ca-AstroPh,Haskell-WCC,169,25.713135
ca-AstroPh,Haskell-WCC,170,25.713135
ca-AstroPh,Haskell-WCC,171,25.713135
ca-AstroPh,Haskell-WCC,172,25.713135
ca-AstroPh,Haskell-WCC,173,25.713135
ca-AstroPh,Haskell-WCC,174,25.713135
ca-AstroPh,Haskell-WCC,175,25.713135
ca-AstroPh,Haskell-WCC,176,25.713135
ca-AstroPh,Haskell-WCC,177,25.713135
ca-AstroPh,Haskell-WCC,178,25.713135
ca-AstroPh,Haskell-WCC,179,25.713135
ca-AstroPh,Haskell-WCC,180,25.713135
ca-AstroPh,Haskell-WCC,181,25.713135
ca-AstroPh,Haskell-WCC,182,25.713135
ca-AstroPh,Haskell-WCC,183,25.713135
ca-AstroPh,Haskell-WCC,184,25.713135
ca-AstroPh,Haskell-WCC,185,25.713135
ca-AstroPh,Haskell-WCC,186,25.713135
ca-AstroPh,Haskell-WCC,187,25.713135
ca-AstroPh,Haskell-WCC,188,25.713135
ca-AstroPh,Haskell-WCC,189,25.713135
ca-AstroPh,Haskell-WCC,190,25.713135
ca-AstroPh,Haskell-WCC,191,25.713135
ca-AstroPh,Haskell-WCC,192,25.713135
ca-AstroPh,Haskell-WCC,193,25.713135
ca-AstroPh,Haskell-WCC,194,25.713135
ca-AstroPh,Haskell-WCC,195,25.713135
ca-AstroPh,Haskell-WCC,196,25.713135
ca-AstroPh,Haskell-WCC,197,25.713135
ca-AstroPh,Haskell-WCC,198,25.713135
ca-AstroPh,Haskell-WCC,199,25.713135
ca-AstroPh,Haskell-WCC,200,25.713135
ca-AstroPh,Haskell-WCC,201,25.713135
ca-AstroPh,Haskell-WCC,202,25.713135
ca-AstroPh,Haskell-WCC,203,25.713135
ca-AstroPh,Haskell-WCC,204,25.713135
ca-AstroPh,Haskell-WCC,205,25.713135
ca-AstroPh,Haskell-WCC,206,25.713135
ca-AstroPh,Haskell-WCC,207,25.713135
ca-AstroPh,Haskell-WCC,208,25.713135
ca-AstroPh,Haskell-WCC,209,25.713135
ca-AstroPh,Haskell-WCC,210,25.713135
ca-AstroPh,Haskell-WCC,211,25.713135
ca-AstroPh,Haskell-WCC,212,25.713135
ca-AstroPh,Haskell-WCC,213,25.713135
ca-AstroPh,Haskell-WCC,214,25.713135
ca-AstroPh,Haskell-WCC,215,25.713135
ca-AstroPh,Haskell-WCC,216,25.713135
ca-AstroPh,Haskell-WCC,217,25.713135
ca-AstroPh,Haskell-WCC,218,25.713135
ca-AstroPh,Haskell-WCC,219,25.713135
ca-AstroPh,Haskell-WCC,220,25.713135
ca-AstroPh,Haskell-WCC,221,25.713135
ca-AstroPh,Haskell-WCC,222,25.713135
ca-AstroPh,Haskell-WCC,223,25.713135
ca-AstroPh,Haskell-WCC,224,25.713135
ca-AstroPh,Haskell-WCC,225,25.713135
ca-AstroPh,Haskell-WCC,226,25.713135
ca-AstroPh,Haskell-WCC,227,25.713135
ca-AstroPh,Haskell-WCC,228,25.713135
ca-AstroPh,Haskell-WCC,229,25.713135
ca-AstroPh,Haskell-WCC,230,25.713135
ca-AstroPh,Haskell-WCC,231,25.713135
ca-AstroPh,Haskell-WCC,232,25.713135
ca-AstroPh,Haskell-WCC,233,25.713135
ca-AstroPh,Haskell-WCC,234,25.713135
ca-AstroPh,Haskell-WCC,235,25.713135
ca-AstroPh,Haskell-WCC,236,25.713135
ca-AstroPh,Haskell-WCC,237,25.713135
ca-AstroPh,Haskell-WCC,238,25.713135
ca-AstroPh,Haskell-WCC,239,25.713135
ca-AstroPh,Haskell-WCC,240,25.713135
ca-AstroPh,Haskell-WCC,241,25.713135
ca-AstroPh,Haskell-WCC,242,25.713135
ca-AstroPh,Haskell-WCC,243,25.713135
ca-AstroPh,Haskell-WCC,244,25.713135
ca-AstroPh,Haskell-WCC,245,25.713135
ca-AstroPh,Haskell-WCC,246,25.713135
ca-AstroPh,Haskell-WCC,247,25.713135
ca-AstroPh,Haskell-WCC,248,25.713135
ca-AstroPh,Haskell-WCC,249,25.713135
ca-AstroPh,Haskell-WCC,250,25.713135
ca-AstroPh,Haskell-WCC,251,25.713135
ca-AstroPh,Haskell-WCC,252,25.713135
ca-AstroPh,Haskell-WCC,253,25.713135
ca-AstroPh,Haskell-WCC,254,25.713135
ca-AstroPh,Haskell-WCC,255,25.713135
ca-AstroPh,Haskell-WCC,256,25.713135
ca-AstroPh,Haskell-WCC,257,25.713135
ca-AstroPh,Haskell-WCC,258,25.713135
ca-AstroPh,Haskell-WCC,259,25.713135
ca-AstroPh,Haskell-WCC,260,25.713135
ca-AstroPh,Haskell-WCC,261,25.713135
ca-AstroPh,Haskell-WCC,262,25.713135
ca-AstroPh,Haskell-WCC,263,25.713135
ca-AstroPh,Haskell-WCC,264,25.713135
ca-AstroPh,Haskell-WCC,265,25.713135
ca-AstroPh,Haskell-WCC,266,25.713135
ca-AstroPh,Haskell-WCC,267,25.713135
ca-AstroPh,Haskell-WCC,268,25.713135
ca-AstroPh,Haskell-WCC,269,25.713135
ca-AstroPh,Haskell-WCC,270,25.713135
ca-AstroPh,Haskell-WCC,271,25.713135
ca-AstroPh,Haskell-WCC,272,25.713135
ca-AstroPh,Haskell-WCC,273,25.713135
ca-AstroPh,Haskell-WCC,274,25.713135
ca-AstroPh,Haskell-WCC,275,25.713135
ca-AstroPh,Haskell-WCC,276,25.713135
ca-AstroPh,Haskell-WCC,277,25.713135
ca-AstroPh,Haskell-WCC,278,25.713135
ca-AstroPh,Haskell-WCC,279,25.713135
ca-AstroPh,Haskell-WCC,280,25.713135
ca-AstroPh,Haskell-WCC,281,25.713135
ca-AstroPh,Haskell-WCC,282,25.713135
ca-AstroPh,Haskell-WCC,283,25.713135
ca-AstroPh,Haskell-WCC,284,25.713135
ca-AstroPh,Haskell-WCC,285,25.713135
ca-AstroPh,Haskell-WCC,286,25.713135
ca-AstroPh,Haskell-WCC,287,25.713135
ca-AstroPh,Haskell-WCC,288,25.713135
ca-AstroPh,Haskell-WCC,289,25.713135
ca-AstroPh,Haskell-WCC,290,25.713135
ca-AstroPh,Golang-DP-WCC,1,0.842629017
ca-AstroPh,Golang-DP-WCC,2,0.867936414
ca-AstroPh,Golang-DP-WCC,3,0.878188108
ca-AstroPh,Golang-DP-WCC,4,0.879508195
ca-AstroPh,Golang-DP-WCC,5,0.886542892
ca-AstroPh,Golang-DP-WCC,6,0.890687499
ca-AstroPh,Golang-DP-WCC,7,0.896719868
ca-AstroPh,Golang-DP-WCC,8,0.902466965
ca-AstroPh,Golang-DP-WCC,9,0.922315415
ca-AstroPh,Golang-DP-WCC,10,0.924886882
ca-AstroPh,Golang-DP-WCC,11,0.925008631
ca-AstroPh,Golang-DP-WCC,12,0.927927632
ca-AstroPh,Golang-DP-WCC,13,0.929271673
ca-AstroPh,Golang-DP-WCC,14,0.93096679
ca-AstroPh,Golang-DP-WCC,15,0.931014436
ca-AstroPh,Golang-DP-WCC,16,0.931065337
ca-AstroPh,Golang-DP-WCC,17,0.932354651
ca-AstroPh,Golang-DP-WCC,18,0.932416057
ca-AstroPh,Golang-DP-WCC,19,0.932450484
ca-AstroPh,Golang-DP-WCC,20,0.932698388
ca-AstroPh,Golang-DP-WCC,21,0.932701052
ca-AstroPh,Golang-DP-WCC,22,0.932702205
ca-AstroPh,Golang-DP-WCC,23,0.933724617
ca-AstroPh,Golang-DP-WCC,24,0.935356658
ca-AstroPh,Golang-DP-WCC,25,0.935447738
ca-AstroPh,Golang-DP-WCC,26,0.936754
ca-AstroPh,Golang-DP-WCC,27,0.939851508
ca-AstroPh,Golang-DP-WCC,28,0.939941789
ca-AstroPh,Golang-DP-WCC,29,0.941750184
ca-AstroPh,Golang-DP-WCC,30,0.941768934
ca-AstroPh,Golang-DP-WCC,31,0.943127225
ca-AstroPh,Golang-DP-WCC,32,0.944408717
ca-AstroPh,Golang-DP-WCC,33,0.947388492
ca-AstroPh,Golang-DP-WCC,34,0.951806752
ca-AstroPh,Golang-DP-WCC,35,0.953155991
ca-AstroPh,Golang-DP-WCC,36,0.954889817
ca-AstroPh,Golang-DP-WCC,37,0.954903084
ca-AstroPh,Golang-DP-WCC,38,0.9550106
ca-AstroPh,Golang-DP-WCC,39,0.957453114
ca-AstroPh,Golang-DP-WCC,40,0.959115982
ca-AstroPh,Golang-DP-WCC,41,0.959166904
ca-AstroPh,Golang-DP-WCC,42,0.959337642
ca-AstroPh,Golang-DP-WCC,43,0.95934044
ca-AstroPh,Golang-DP-WCC,44,0.959480856
ca-AstroPh,Golang-DP-WCC,45,0.959481798
ca-AstroPh,Golang-DP-WCC,46,0.959482958
ca-AstroPh,Golang-DP-WCC,47,0.96066928
ca-AstroPh,Golang-DP-WCC,48,0.960705146
ca-AstroPh,Golang-DP-WCC,49,0.961937336
ca-AstroPh,Golang-DP-WCC,50,0.962020116
ca-AstroPh,Golang-DP-WCC,51,0.962117367
ca-AstroPh,Golang-DP-WCC,52,0.962118117
ca-AstroPh,Golang-DP-WCC,53,0.963623432
ca-AstroPh,Golang-DP-WCC,54,0.963704136
ca-AstroPh,Golang-DP-WCC,55,0.966240214
ca-AstroPh,Golang-DP-WCC,56,0.966323144
ca-AstroPh,Golang-DP-WCC,57,0.967928776
ca-AstroPh,Golang-DP-WCC,58,0.968037332
ca-AstroPh,Golang-DP-WCC,59,0.96933998
ca-AstroPh,Golang-DP-WCC,60,0.969420861
ca-AstroPh,Golang-DP-WCC,61,0.969438773
ca-AstroPh,Golang-DP-WCC,62,0.969445584
ca-AstroPh,Golang-DP-WCC,63,0.969649939
ca-AstroPh,Golang-DP-WCC,64,0.969650859
ca-AstroPh,Golang-DP-WCC,65,0.969652082
ca-AstroPh,Golang-DP-WCC,66,0.969657942
ca-AstroPh,Golang-DP-WCC,67,0.971156687
ca-AstroPh,Golang-DP-WCC,68,0.971166302
ca-AstroPh,Golang-DP-WCC,69,0.971168602
ca-AstroPh,Golang-DP-WCC,70,0.971206855
ca-AstroPh,Golang-DP-WCC,71,0.971632174
ca-AstroPh,Golang-DP-WCC,72,0.971634586
ca-AstroPh,Golang-DP-WCC,73,0.971636102
ca-AstroPh,Golang-DP-WCC,74,0.971657519
ca-AstroPh,Golang-DP-WCC,75,0.973409564
ca-AstroPh,Golang-DP-WCC,76,0.975385647
ca-AstroPh,Golang-DP-WCC,77,0.976760463
ca-AstroPh,Golang-DP-WCC,78,0.979767364
ca-AstroPh,Golang-DP-WCC,79,0.982754861
ca-AstroPh,Golang-DP-WCC,80,0.982836252
ca-AstroPh,Golang-DP-WCC,81,0.982930175
ca-AstroPh,Golang-DP-WCC,82,0.98293149
ca-AstroPh,Golang-DP-WCC,83,0.984195636
ca-AstroPh,Golang-DP-WCC,84,0.987333137
ca-AstroPh,Golang-DP-WCC,85,0.987411412
ca-AstroPh,Golang-DP-WCC,86,0.988687537
ca-AstroPh,Golang-DP-WCC,87,0.988754459
ca-AstroPh,Golang-DP-WCC,88,0.988764768
ca-AstroPh,Golang-DP-WCC,89,0.988835642
ca-AstroPh,Golang-DP-WCC,90,0.988836701
ca-AstroPh,Golang-DP-WCC,91,0.990842911
ca-AstroPh,Golang-DP-WCC,92,0.992426889
ca-AstroPh,Golang-DP-WCC,93,0.99551092
ca-AstroPh,Golang-DP-WCC,94,0.99557492
ca-AstroPh,Golang-DP-WCC,95,0.997048878
ca-AstroPh,Golang-DP-WCC,96,0.997080102
ca-AstroPh,Golang-DP-WCC,97,0.997375278
ca-AstroPh,Golang-DP-WCC,98,1.000069091
ca-AstroPh,Golang-DP-WCC,99,1.000126014
ca-AstroPh,Golang-DP-WCC,100,1.000145226
ca-AstroPh,Golang-DP-WCC,101,1.000275828
ca-AstroPh,Golang-DP-WCC,102,1.000277116
ca-AstroPh,Golang-DP-WCC,103,1.000285047
ca-AstroPh,Golang-DP-WCC,104,1.001577521
ca-AstroPh,Golang-DP-WCC,105,1.001611373
ca-AstroPh,Golang-DP-WCC,106,1.001653085
ca-AstroPh,Golang-DP-WCC,107,1.00174549
ca-AstroPh,Golang-DP-WCC,108,1.00174644
ca-AstroPh,Golang-DP-WCC,109,1.001747526
ca-AstroPh,Golang-DP-WCC,110,1.003349936
ca-AstroPh,Golang-DP-WCC,111,1.003370369
ca-AstroPh,Golang-DP-WCC,112,1.003434316
ca-AstroPh,Golang-DP-WCC,113,1.003524372
ca-AstroPh,Golang-DP-WCC,114,1.003525676
ca-AstroPh,Golang-DP-WCC,115,1.004787605
ca-AstroPh,Golang-DP-WCC,116,1.004790285
ca-AstroPh,Golang-DP-WCC,117,1.006049289
ca-AstroPh,Golang-DP-WCC,118,1.007897347
ca-AstroPh,Golang-DP-WCC,119,1.007963732
ca-AstroPh,Golang-DP-WCC,120,1.007977662
ca-AstroPh,Golang-DP-WCC,121,1.007987751
ca-AstroPh,Golang-DP-WCC,122,1.007991721
ca-AstroPh,Golang-DP-WCC,123,1.008004225
ca-AstroPh,Golang-DP-WCC,124,1.008048876
ca-AstroPh,Golang-DP-WCC,125,1.008236109
ca-AstroPh,Golang-DP-WCC,126,1.008237129
ca-AstroPh,Golang-DP-WCC,127,1.008243669
ca-AstroPh,Golang-DP-WCC,128,1.008244174
ca-AstroPh,Golang-DP-WCC,129,1.008245168
ca-AstroPh,Golang-DP-WCC,130,1.008248132
ca-AstroPh,Golang-DP-WCC,131,1.008249258
ca-AstroPh,Golang-DP-WCC,132,1.00947259
ca-AstroPh,Golang-DP-WCC,133,1.009556991
ca-AstroPh,Golang-DP-WCC,134,1.009571772
ca-AstroPh,Golang-DP-WCC,135,1.011196002
ca-AstroPh,Golang-DP-WCC,136,1.011209097
ca-AstroPh,Golang-DP-WCC,137,1.011228469
ca-AstroPh,Golang-DP-WCC,138,1.01140532
ca-AstroPh,Golang-DP-WCC,139,1.011406691
ca-AstroPh,Golang-DP-WCC,140,1.01141447
ca-AstroPh,Golang-DP-WCC,141,1.013028641
ca-AstroPh,Golang-DP-WCC,142,1.013043923
ca-AstroPh,Golang-DP-WCC,143,1.013050416
ca-AstroPh,Golang-DP-WCC,144,1.013163253
ca-AstroPh,Golang-DP-WCC,145,1.0131676
ca-AstroPh,Golang-DP-WCC,146,1.01316967
ca-AstroPh,Golang-DP-WCC,147,1.014360427
ca-AstroPh,Golang-DP-WCC,148,1.014375977
ca-AstroPh,Golang-DP-WCC,149,1.014427373
ca-AstroPh,Golang-DP-WCC,150,1.016203854
ca-AstroPh,Golang-DP-WCC,151,1.016242149
ca-AstroPh,Golang-DP-WCC,152,1.016267102
ca-AstroPh,Golang-DP-WCC,153,1.016285462
ca-AstroPh,Golang-DP-WCC,154,1.016311917
ca-AstroPh,Golang-DP-WCC,155,1.016602003
ca-AstroPh,Golang-DP-WCC,156,1.016606908
ca-AstroPh,Golang-DP-WCC,157,1.016629116
ca-AstroPh,Golang-DP-WCC,158,1.016709679
ca-AstroPh,Golang-DP-WCC,159,1.016710801
ca-AstroPh,Golang-DP-WCC,160,1.016831984
ca-AstroPh,Golang-DP-WCC,161,1.016863808
ca-AstroPh,Golang-DP-WCC,162,1.016869181
ca-AstroPh,Golang-DP-WCC,163,1.017081588
ca-AstroPh,Golang-DP-WCC,164,1.017084518
ca-AstroPh,Golang-DP-WCC,165,1.017086381
ca-AstroPh,Golang-DP-WCC,166,1.017088502
ca-AstroPh,Golang-DP-WCC,167,1.017090637
ca-AstroPh,Golang-DP-WCC,168,1.018943131
ca-AstroPh,Golang-DP-WCC,169,1.01901784
ca-AstroPh,Golang-DP-WCC,170,1.019019839
ca-AstroPh,Golang-DP-WCC,171,1.01902128
ca-AstroPh,Golang-DP-WCC,172,1.019022467
ca-AstroPh,Golang-DP-WCC,173,1.019051843
ca-AstroPh,Golang-DP-WCC,174,1.019053934
ca-AstroPh,Golang-DP-WCC,175,1.01919512
ca-AstroPh,Golang-DP-WCC,176,1.0191959800000001
ca-AstroPh,Golang-DP-WCC,177,1.019197168
ca-AstroPh,Golang-DP-WCC,178,1.019198773
ca-AstroPh,Golang-DP-WCC,179,1.019201107
ca-AstroPh,Golang-DP-WCC,180,1.019203161
ca-AstroPh,Golang-DP-WCC,181,1.020698797
ca-AstroPh,Golang-DP-WCC,182,1.020701541
ca-AstroPh,Golang-DP-WCC,183,1.020703095
ca-AstroPh,Golang-DP-WCC,184,1.020704934
ca-AstroPh,Golang-DP-WCC,185,1.020706526
ca-AstroPh,Golang-DP-WCC,186,1.020708433
ca-AstroPh,Golang-DP-WCC,187,1.020711003
ca-AstroPh,Golang-DP-WCC,188,1.020714947
ca-AstroPh,Golang-DP-WCC,189,1.020716772
ca-AstroPh,Golang-DP-WCC,190,1.020721037
ca-AstroPh,Golang-DP-WCC,191,1.020723682
ca-AstroPh,Golang-DP-WCC,192,1.020726565
ca-AstroPh,Golang-DP-WCC,193,1.020728589
ca-AstroPh,Golang-DP-WCC,194,1.020731526
ca-AstroPh,Golang-DP-WCC,195,1.020733903
ca-AstroPh,Golang-DP-WCC,196,1.020736145
ca-AstroPh,Golang-DP-WCC,197,1.020737779
ca-AstroPh,Golang-DP-WCC,198,1.020842883
ca-AstroPh,Golang-DP-WCC,199,1.020843721
ca-AstroPh,Golang-DP-WCC,200,1.020844946
ca-AstroPh,Golang-DP-WCC,201,1.020846618
ca-AstroPh,Golang-DP-WCC,202,1.020848035
ca-AstroPh,Golang-DP-WCC,203,1.020849518
ca-AstroPh,Golang-DP-WCC,204,1.020852721
ca-AstroPh,Golang-DP-WCC,205,1.020853615
ca-AstroPh,Golang-DP-WCC,206,1.020855292
ca-AstroPh,Golang-DP-WCC,207,1.020857347
ca-AstroPh,Golang-DP-WCC,208,1.02085891
ca-AstroPh,Golang-DP-WCC,209,1.020861658
ca-AstroPh,Golang-DP-WCC,210,1.020864025
ca-AstroPh,Golang-DP-WCC,211,1.020865545
ca-AstroPh,Golang-DP-WCC,212,1.020868805
ca-AstroPh,Golang-DP-WCC,213,1.020874149
ca-AstroPh,Golang-DP-WCC,214,1.020875125
ca-AstroPh,Golang-DP-WCC,215,1.022239712
ca-AstroPh,Golang-DP-WCC,216,1.022260331
ca-AstroPh,Golang-DP-WCC,217,1.022342111
ca-AstroPh,Golang-DP-WCC,218,1.022343493
ca-AstroPh,Golang-DP-WCC,219,1.022344426
ca-AstroPh,Golang-DP-WCC,220,1.022371715
ca-AstroPh,Golang-DP-WCC,221,1.022373329
ca-AstroPh,Golang-DP-WCC,222,1.022374744
ca-AstroPh,Golang-DP-WCC,223,1.022376384
ca-AstroPh,Golang-DP-WCC,224,1.024017447
ca-AstroPh,Golang-DP-WCC,225,1.025484223
ca-AstroPh,Golang-DP-WCC,226,1.025491116
ca-AstroPh,Golang-DP-WCC,227,1.025516169
ca-AstroPh,Golang-DP-WCC,228,1.025523043
ca-AstroPh,Golang-DP-WCC,229,1.02557684
ca-AstroPh,Golang-DP-WCC,230,1.02557996
ca-AstroPh,Golang-DP-WCC,231,1.025580969
ca-AstroPh,Golang-DP-WCC,232,1.026868573
ca-AstroPh,Golang-DP-WCC,233,1.026887214
ca-AstroPh,Golang-DP-WCC,234,1.027084915
ca-AstroPh,Golang-DP-WCC,235,1.027087168
ca-AstroPh,Golang-DP-WCC,236,1.027088454
ca-AstroPh,Golang-DP-WCC,237,1.027089758
ca-AstroPh,Golang-DP-WCC,238,1.027093205
ca-AstroPh,Golang-DP-WCC,239,1.027095578
ca-AstroPh,Golang-DP-WCC,240,1.027098785
ca-AstroPh,Golang-DP-WCC,241,1.027099365
ca-AstroPh,Golang-DP-WCC,242,1.027101234
ca-AstroPh,Golang-DP-WCC,243,1.027106188
ca-AstroPh,Golang-DP-WCC,244,1.027107035
ca-AstroPh,Golang-DP-WCC,245,1.027111296
ca-AstroPh,Golang-DP-WCC,246,1.027113423
ca-AstroPh,Golang-DP-WCC,247,1.027115495
ca-AstroPh,Golang-DP-WCC,248,1.02711942
ca-AstroPh,Golang-DP-WCC,249,1.027120117
ca-AstroPh,Golang-DP-WCC,250,1.027126124
ca-AstroPh,Golang-DP-WCC,251,1.027129215
ca-AstroPh,Golang-DP-WCC,252,1.027129816
ca-AstroPh,Golang-DP-WCC,253,1.027134749
ca-AstroPh,Golang-DP-WCC,254,1.027160608
ca-AstroPh,Golang-DP-WCC,255,1.027161624
ca-AstroPh,Golang-DP-WCC,256,1.027163079
ca-AstroPh,Golang-DP-WCC,257,1.027164711
ca-AstroPh,Golang-DP-WCC,258,1.02716858
ca-AstroPh,Golang-DP-WCC,259,1.027170047
ca-AstroPh,Golang-DP-WCC,260,1.027171742
ca-AstroPh,Golang-DP-WCC,261,1.027173798
ca-AstroPh,Golang-DP-WCC,262,1.027175328
ca-AstroPh,Golang-DP-WCC,263,1.027178284
ca-AstroPh,Golang-DP-WCC,264,1.02720156
ca-AstroPh,Golang-DP-WCC,265,1.027202296
ca-AstroPh,Golang-DP-WCC,266,1.02720367
ca-AstroPh,Golang-DP-WCC,267,1.027204844
ca-AstroPh,Golang-DP-WCC,268,1.027206008
ca-AstroPh,Golang-DP-WCC,269,1.027207594
ca-AstroPh,Golang-DP-WCC,270,1.027209249
ca-AstroPh,Golang-DP-WCC,271,1.027221611
ca-AstroPh,Golang-DP-WCC,272,1.027222047
ca-AstroPh,Golang-DP-WCC,273,1.02722275
ca-AstroPh,Golang-DP-WCC,274,1.027224382
ca-AstroPh,Golang-DP-WCC,275,1.027225869
ca-AstroPh,Golang-DP-WCC,276,1.02722769
ca-AstroPh,Golang-DP-WCC,277,1.027228373
ca-AstroPh,Golang-DP-WCC,278,1.027230592
ca-AstroPh,Golang-DP-WCC,279,1.027233559
ca-AstroPh,Golang-DP-WCC,280,1.027235383
ca-AstroPh,Golang-DP-WCC,281,1.027240121
ca-AstroPh,Golang-DP-WCC,282,1.027240617
ca-AstroPh,Golang-DP-WCC,283,1.027241671
ca-AstroPh,Golang-DP-WCC,284,1.027242915
ca-AstroPh,Golang-DP-WCC,285,1.027244174
ca-AstroPh,Golang-DP-WCC,286,1.027246454
ca-AstroPh,Golang-DP-WCC,287,1.027253022
ca-AstroPh,Golang-DP-WCC,288,1.027253518
ca-AstroPh,Golang-DP-WCC,289,1.027254377
ca-AstroPh,Golang-DP-WCC,290,1.027256299
ca-AstroPh,AF-WCC,1,8.466662145
ca-AstroPh,AF-WCC,2,8.468977346
ca-AstroPh,AF-WCC,3,8.468997471
ca-AstroPh,AF-WCC,4,8.469011306
ca-AstroPh,AF-WCC,5,8.469022708
ca-AstroPh,AF-WCC,6,8.469033063000001
ca-AstroPh,AF-WCC,7,8.469044404
ca-AstroPh,AF-WCC,8,8.469058387
ca-AstroPh,AF-WCC,9,8.469074616
ca-AstroPh,AF-WCC,10,8.469085060000001
ca-AstroPh,AF-WCC,11,8.469098682
ca-AstroPh,AF-WCC,12,8.469111117
ca-AstroPh,AF-WCC,13,8.469124363
ca-AstroPh,AF-WCC,14,8.469135071
ca-AstroPh,AF-WCC,15,8.469145101
ca-AstroPh,AF-WCC,16,8.469168369
ca-AstroPh,AF-WCC,17,8.469180433
ca-AstroPh,AF-WCC,18,8.469191308000001
ca-AstroPh,AF-WCC,19,8.469203929
ca-AstroPh,AF-WCC,20,8.469214994
ca-AstroPh,AF-WCC,21,8.469226028000001
ca-AstroPh,AF-WCC,22,8.469236428
ca-AstroPh,AF-WCC,23,8.469248119000001
ca-AstroPh,AF-WCC,24,8.469258622
ca-AstroPh,AF-WCC,25,8.469272688
ca-AstroPh,AF-WCC,26,8.469283930000001
ca-AstroPh,AF-WCC,27,8.469294918000001
ca-AstroPh,AF-WCC,28,8.469304323000001
ca-AstroPh,AF-WCC,29,8.469314192
ca-AstroPh,AF-WCC,30,8.469324544000001
ca-AstroPh,AF-WCC,31,8.469334695
ca-AstroPh,AF-WCC,32,8.469344882
ca-AstroPh,AF-WCC,33,8.469354433000001
ca-AstroPh,AF-WCC,34,8.466060318
ca-AstroPh,AF-WCC,35,8.468982293
ca-AstroPh,AF-WCC,36,8.468999466
ca-AstroPh,AF-WCC,37,8.469011416
ca-AstroPh,AF-WCC,38,8.469025019
ca-AstroPh,AF-WCC,39,8.469035104000001
ca-AstroPh,AF-WCC,40,8.469048199000001
ca-AstroPh,AF-WCC,41,8.469058702
ca-AstroPh,AF-WCC,42,8.469076147
ca-AstroPh,AF-WCC,43,8.469086256
ca-AstroPh,AF-WCC,44,8.469096723
ca-AstroPh,AF-WCC,45,8.469111210000001
ca-AstroPh,AF-WCC,46,8.469121185
ca-AstroPh,AF-WCC,47,8.469129999
ca-AstroPh,AF-WCC,48,8.469139719000001
ca-AstroPh,AF-WCC,49,8.469148474
ca-AstroPh,AF-WCC,50,8.469157755000001
ca-AstroPh,AF-WCC,51,8.469168242
ca-AstroPh,AF-WCC,52,8.469181418
ca-AstroPh,AF-WCC,53,8.46919235
ca-AstroPh,AF-WCC,54,8.469203354000001
ca-AstroPh,AF-WCC,55,8.469213907
ca-AstroPh,AF-WCC,56,8.4692249
ca-AstroPh,AF-WCC,57,8.469235457
ca-AstroPh,AF-WCC,58,8.469245667000001
ca-AstroPh,AF-WCC,59,8.469254621000001
ca-AstroPh,AF-WCC,60,8.469263637000001
ca-AstroPh,AF-WCC,61,8.469272629
ca-AstroPh,AF-WCC,62,8.46928171
ca-AstroPh,AF-WCC,63,8.469291505000001
ca-AstroPh,AF-WCC,64,8.469300204000001
ca-AstroPh,AF-WCC,65,8.469309443
ca-AstroPh,AF-WCC,66,8.469320197
ca-AstroPh,AF-WCC,67,8.469330264
ca-AstroPh,AF-WCC,68,8.469339255000001
ca-AstroPh,AF-WCC,69,8.469351123000001
ca-AstroPh,AF-WCC,70,8.469360492
ca-AstroPh,AF-WCC,71,8.466539827
ca-AstroPh,AF-WCC,72,8.470124419000001
ca-AstroPh,AF-WCC,73,8.470143832
ca-AstroPh,AF-WCC,74,8.470156047
ca-AstroPh,AF-WCC,75,8.470185205
ca-AstroPh,AF-WCC,76,8.470195977000001
ca-AstroPh,AF-WCC,77,8.470209695000001
ca-AstroPh,AF-WCC,78,8.470219270000001
ca-AstroPh,AF-WCC,79,8.470228813
ca-AstroPh,AF-WCC,80,8.470240009000001
ca-AstroPh,AF-WCC,81,8.470249972000001
ca-AstroPh,AF-WCC,82,8.470261027000001
ca-AstroPh,AF-WCC,83,8.470270691000001
ca-AstroPh,AF-WCC,84,8.470282011
ca-AstroPh,AF-WCC,85,8.470297479000001
ca-AstroPh,AF-WCC,86,8.470308069
ca-AstroPh,AF-WCC,87,8.470317023
ca-AstroPh,AF-WCC,88,8.470325649000001
ca-AstroPh,AF-WCC,89,8.470342445
ca-AstroPh,AF-WCC,90,8.470355105000001
ca-AstroPh,AF-WCC,91,8.470365515000001
ca-AstroPh,AF-WCC,92,8.470373437000001
ca-AstroPh,AF-WCC,93,8.470381297000001
ca-AstroPh,AF-WCC,94,8.470391150000001
ca-AstroPh,AF-WCC,95,8.470400583
ca-AstroPh,AF-WCC,96,8.470409844
ca-AstroPh,AF-WCC,97,8.470417904000001
ca-AstroPh,AF-WCC,98,8.470426716
ca-AstroPh,AF-WCC,99,8.470435568000001
ca-AstroPh,AF-WCC,100,8.470443927
ca-AstroPh,AF-WCC,101,8.470453421
ca-AstroPh,AF-WCC,102,8.470462696
ca-AstroPh,AF-WCC,103,8.470470782000001
ca-AstroPh,AF-WCC,104,8.470479513
ca-AstroPh,AF-WCC,105,8.470488648
ca-AstroPh,AF-WCC,106,8.470500058
ca-AstroPh,AF-WCC,107,8.470510293
ca-AstroPh,AF-WCC,108,8.470519328
ca-AstroPh,AF-WCC,109,8.470528545
ca-AstroPh,AF-WCC,110,8.470537292000001
ca-AstroPh,AF-WCC,111,8.47054626
ca-AstroPh,AF-WCC,112,8.470556425
ca-AstroPh,AF-WCC,113,8.470565914
ca-AstroPh,AF-WCC,114,8.470436634
ca-AstroPh,AF-WCC,115,8.470466979000001
ca-AstroPh,AF-WCC,116,8.470484789
ca-AstroPh,AF-WCC,117,8.470494761000001
ca-AstroPh,AF-WCC,118,8.47050653
ca-AstroPh,AF-WCC,119,8.470515659
ca-AstroPh,AF-WCC,120,8.47052476
ca-AstroPh,AF-WCC,121,8.470532989
ca-AstroPh,AF-WCC,122,8.470543948000001
ca-AstroPh,AF-WCC,123,8.470555537000001
ca-AstroPh,AF-WCC,124,8.470567353
ca-AstroPh,AF-WCC,125,8.470578934
ca-AstroPh,AF-WCC,126,8.470606617000001
ca-AstroPh,AF-WCC,127,8.470622471
ca-AstroPh,AF-WCC,128,8.47063331
ca-AstroPh,AF-WCC,129,8.470645038
ca-AstroPh,AF-WCC,130,8.470656235
ca-AstroPh,AF-WCC,131,8.470667234
ca-AstroPh,AF-WCC,132,8.470679800000001
ca-AstroPh,AF-WCC,133,8.470688363
ca-AstroPh,AF-WCC,134,8.470696503000001
ca-AstroPh,AF-WCC,135,8.470705098
ca-AstroPh,AF-WCC,136,8.470713447000001
ca-AstroPh,AF-WCC,137,8.47072164
ca-AstroPh,AF-WCC,138,8.470730377
ca-AstroPh,AF-WCC,139,8.470740611
ca-AstroPh,AF-WCC,140,8.470749519
ca-AstroPh,AF-WCC,141,8.47075785
ca-AstroPh,AF-WCC,142,8.470766988000001
ca-AstroPh,AF-WCC,143,8.470776433000001
ca-AstroPh,AF-WCC,144,8.470786217
ca-AstroPh,AF-WCC,145,8.466789513
ca-AstroPh,AF-WCC,146,8.476458212
ca-AstroPh,AF-WCC,147,8.476487525000001
ca-AstroPh,AF-WCC,148,8.476500876000001
ca-AstroPh,AF-WCC,149,8.476509763000001
ca-AstroPh,AF-WCC,150,8.476518616
ca-AstroPh,AF-WCC,151,8.476528024
ca-AstroPh,AF-WCC,152,8.476538655
ca-AstroPh,AF-WCC,153,8.476548168
ca-AstroPh,AF-WCC,154,8.47655788
ca-AstroPh,AF-WCC,155,8.476567853
ca-AstroPh,AF-WCC,156,8.476576479
ca-AstroPh,AF-WCC,157,8.488572467000001
ca-AstroPh,AF-WCC,158,8.488761737
ca-AstroPh,AF-WCC,159,8.48878887
ca-AstroPh,AF-WCC,160,8.488801050000001
ca-AstroPh,AF-WCC,161,8.488817157
ca-AstroPh,AF-WCC,162,8.488827854
ca-AstroPh,AF-WCC,163,8.488837764000001
ca-AstroPh,AF-WCC,164,8.488847519
ca-AstroPh,AF-WCC,165,8.488858338
ca-AstroPh,AF-WCC,166,8.488870434
ca-AstroPh,AF-WCC,167,8.488880543
ca-AstroPh,AF-WCC,168,8.48889136
ca-AstroPh,AF-WCC,169,8.488899767000001
ca-AstroPh,AF-WCC,170,8.488907805
ca-AstroPh,AF-WCC,171,8.488917370000001
ca-AstroPh,AF-WCC,172,8.488930005
ca-AstroPh,AF-WCC,173,8.466776962
ca-AstroPh,AF-WCC,174,8.494238000000001
ca-AstroPh,AF-WCC,175,8.494278859000001
ca-AstroPh,AF-WCC,176,8.494296525000001
ca-AstroPh,AF-WCC,177,8.494306143000001
ca-AstroPh,AF-WCC,178,8.494317864000001
ca-AstroPh,AF-WCC,179,8.494328524
ca-AstroPh,AF-WCC,180,8.494349603
ca-AstroPh,AF-WCC,181,8.494377624
ca-AstroPh,AF-WCC,182,8.494401626
ca-AstroPh,AF-WCC,183,8.49441163
ca-AstroPh,AF-WCC,184,8.494428671
ca-AstroPh,AF-WCC,185,8.494440029
ca-AstroPh,AF-WCC,186,8.494457787
ca-AstroPh,AF-WCC,187,8.494469457000001
ca-AstroPh,AF-WCC,188,8.494482749000001
ca-AstroPh,AF-WCC,189,8.494499915
ca-AstroPh,AF-WCC,190,8.494515412
ca-AstroPh,AF-WCC,191,8.494530113
ca-AstroPh,AF-WCC,192,8.49454427
ca-AstroPh,AF-WCC,193,8.494554884000001
ca-AstroPh,AF-WCC,194,8.494566892
ca-AstroPh,AF-WCC,195,8.494577547
ca-AstroPh,AF-WCC,196,8.494589441
ca-AstroPh,AF-WCC,197,8.494597435000001
ca-AstroPh,AF-WCC,198,8.494608787
ca-AstroPh,AF-WCC,199,8.494633740000001
ca-AstroPh,AF-WCC,200,8.494656219000001
ca-AstroPh,AF-WCC,201,8.494672912
ca-AstroPh,AF-WCC,202,8.494684241
ca-AstroPh,AF-WCC,203,8.494693789000001
ca-AstroPh,AF-WCC,204,8.494714656000001
ca-AstroPh,AF-WCC,205,8.494725370000001
ca-AstroPh,AF-WCC,206,8.494736961000001
ca-AstroPh,AF-WCC,207,8.494751216000001
ca-AstroPh,AF-WCC,208,8.494761942
ca-AstroPh,AF-WCC,209,8.494781702000001
ca-AstroPh,AF-WCC,210,8.468014498
ca-AstroPh,AF-WCC,211,8.494237868
ca-AstroPh,AF-WCC,212,8.494289214
ca-AstroPh,AF-WCC,213,8.494308801
ca-AstroPh,AF-WCC,214,8.494324513
ca-AstroPh,AF-WCC,215,8.494336407
ca-AstroPh,AF-WCC,216,8.494351116
ca-AstroPh,AF-WCC,217,8.494394706000001
ca-AstroPh,AF-WCC,218,8.494408501
ca-AstroPh,AF-WCC,219,8.494420765000001
ca-AstroPh,AF-WCC,220,8.494439827
ca-AstroPh,AF-WCC,221,8.494451974
ca-AstroPh,AF-WCC,222,8.494462034
ca-AstroPh,AF-WCC,223,8.494474705
ca-AstroPh,AF-WCC,224,8.494486789
ca-AstroPh,AF-WCC,225,8.494498546
ca-AstroPh,AF-WCC,226,8.494508389
ca-AstroPh,AF-WCC,227,8.494517803
ca-AstroPh,AF-WCC,228,8.494530944000001
ca-AstroPh,AF-WCC,229,8.494541373
ca-AstroPh,AF-WCC,230,8.494553749000001
ca-AstroPh,AF-WCC,231,8.49456836
ca-AstroPh,AF-WCC,232,8.494590632000001
ca-AstroPh,AF-WCC,233,8.494601592
ca-AstroPh,AF-WCC,234,8.494615819
ca-AstroPh,AF-WCC,235,8.494629602
ca-AstroPh,AF-WCC,236,8.494638727
ca-AstroPh,AF-WCC,237,8.494648972
ca-AstroPh,AF-WCC,238,8.494657751
ca-AstroPh,AF-WCC,239,8.494678485
ca-AstroPh,AF-WCC,240,8.494701439
ca-AstroPh,AF-WCC,241,8.494713395
ca-AstroPh,AF-WCC,242,8.494723949
ca-AstroPh,AF-WCC,243,8.494735796
ca-AstroPh,AF-WCC,244,8.494746983
ca-AstroPh,AF-WCC,245,8.494756525
ca-AstroPh,AF-WCC,246,8.494766559
ca-AstroPh,AF-WCC,247,8.494776878
ca-AstroPh,AF-WCC,248,8.494785582
ca-AstroPh,AF-WCC,249,8.504594165
ca-AstroPh,AF-WCC,250,8.504650227
ca-AstroPh,AF-WCC,251,8.504663599
ca-AstroPh,AF-WCC,252,8.504673602
ca-AstroPh,AF-WCC,253,8.504683488000001
ca-AstroPh,AF-WCC,254,8.504693111
ca-AstroPh,AF-WCC,255,8.50470387
ca-AstroPh,AF-WCC,256,8.504715845
ca-AstroPh,AF-WCC,257,8.504728281
ca-AstroPh,AF-WCC,258,8.504740645
ca-AstroPh,AF-WCC,259,8.504750461
ca-AstroPh,AF-WCC,260,8.504759221
ca-AstroPh,AF-WCC,261,8.504768532
ca-AstroPh,AF-WCC,262,8.504781458
ca-AstroPh,AF-WCC,263,8.504805761
ca-AstroPh,AF-WCC,264,8.504817432000001
ca-AstroPh,AF-WCC,265,8.504827129
ca-AstroPh,AF-WCC,266,8.504836712000001
ca-AstroPh,AF-WCC,267,8.504849662
ca-AstroPh,AF-WCC,268,8.504858248
ca-AstroPh,AF-WCC,269,8.504866123000001
ca-AstroPh,AF-WCC,270,8.504875307
ca-AstroPh,AF-WCC,271,8.504884001
ca-AstroPh,AF-WCC,272,8.504892952
ca-AstroPh,AF-WCC,273,8.504901726
ca-AstroPh,AF-WCC,274,8.504909467000001
ca-AstroPh,AF-WCC,275,8.504917249
ca-AstroPh,AF-WCC,276,8.504927330000001
ca-AstroPh,AF-WCC,277,8.504935421
ca-AstroPh,AF-WCC,278,8.504943432000001
ca-AstroPh,AF-WCC,279,8.50495291
ca-AstroPh,AF-WCC,280,8.504963831000001
ca-AstroPh,AF-WCC,281,8.504971821
ca-AstroPh,AF-WCC,282,8.504979643
ca-AstroPh,AF-WCC,283,8.504988125
ca-AstroPh,AF-WCC,284,8.504996929
ca-AstroPh,AF-WCC,285,8.5050057
ca-AstroPh,AF-WCC,286,8.505015093
ca-AstroPh,AF-WCC,287,8.505022819
ca-AstroPh,AF-WCC,288,8.505030744
ca-AstroPh,AF-WCC,289,8.505040355
ca-AstroPh,AF-WCC,290,8.505048896