Email-Enron,DP-WCC,1,5.229962372
Email-Enron,DP-WCC,2,5.229989423
Email-Enron,DP-WCC,3,5.229995211
Email-Enron,DP-WCC,4,5.22999736
Email-Enron,DP-WCC,5,5.229999527
Email-Enron,DP-WCC,6,5.230002971
Email-Enron,DP-WCC,7,5.230007526
Email-Enron,DP-WCC,8,5.230015913
Email-Enron,DP-WCC,9,5.230018771
Email-Enron,DP-WCC,10,5.230038274
Email-Enron,DP-WCC,11,5.230040471
Email-Enron,DP-WCC,12,5.230044995
Email-Enron,DP-WCC,13,5.230048306
Email-Enron,DP-WCC,14,5.230049955
Email-Enron,DP-WCC,15,5.230057782
Email-Enron,DP-WCC,16,5.230063061
Email-Enron,DP-WCC,17,5.230076799
Email-Enron,DP-WCC,18,5.230083558
Email-Enron,DP-WCC,19,5.230092294
Email-Enron,DP-WCC,20,5.23009454
Email-Enron,DP-WCC,21,5.230102287
Email-Enron,DP-WCC,22,5.230107637
Email-Enron,DP-WCC,23,5.230118771
Email-Enron,DP-WCC,24,5.230123819
Email-Enron,DP-WCC,25,5.23015162
Email-Enron,DP-WCC,26,5.230152886
Email-Enron,DP-WCC,27,5.230154642
Email-Enron,DP-WCC,28,5.230156776
Email-Enron,DP-WCC,29,5.232009614
Email-Enron,DP-WCC,30,5.23201097
Email-Enron,DP-WCC,31,5.232012471
Email-Enron,DP-WCC,32,5.232014253
Email-Enron,DP-WCC,33,5.232112535
Email-Enron,DP-WCC,34,5.232115354
Email-Enron,DP-WCC,35,5.232116539
Email-Enron,DP-WCC,36,5.239695294
Email-Enron,DP-WCC,37,5.239699604
Email-Enron,DP-WCC,38,5.239701073
Email-Enron,DP-WCC,39,5.23970266
Email-Enron,DP-WCC,40,5.239704572
Email-Enron,DP-WCC,41,5.243630955
Email-Enron,DP-WCC,42,5.243634536
Email-Enron,DP-WCC,43,5.24363617
Email-Enron,DP-WCC,44,5.243638176
Email-Enron,DP-WCC,45,5.243640648
Email-Enron,DP-WCC,46,5.243643583
Email-Enron,DP-WCC,47,5.243647191
Email-Enron,DP-WCC,48,5.24365127
Email-Enron,DP-WCC,49,5.243655792
Email-Enron,DP-WCC,50,5.243660659
Email-Enron,DP-WCC,51,5.243666392
Email-Enron,DP-WCC,52,5.243671342
Email-Enron,DP-WCC,53,5.243677297
Email-Enron,DP-WCC,54,5.243689627
Email-Enron,DP-WCC,55,5.243693788
Email-Enron,DP-WCC,56,5.243695975
Email-Enron,DP-WCC,57,5.243702282
Email-Enron,DP-WCC,58,5.243705265
Email-Enron,DP-WCC,59,5.246869012
Email-Enron,DP-WCC,60,5.24821458
Email-Enron,DP-WCC,61,5.248217648
Email-Enron,DP-WCC,62,5.24821942
Email-Enron,DP-WCC,63,5.248221475
Email-Enron,DP-WCC,64,5.248224435
Email-Enron,DP-WCC,65,5.248227704
Email-Enron,DP-WCC,66,5.248234765
Email-Enron,DP-WCC,67,5.248238923
Email-Enron,DP-WCC,68,5.250992522
Email-Enron,DP-WCC,69,5.250995429
Email-Enron,DP-WCC,70,5.250997077
Email-Enron,DP-WCC,71,5.250999118
Email-Enron,DP-WCC,72,5.25100154
Email-Enron,DP-WCC,73,5.251095524
Email-Enron,DP-WCC,74,5.251109878
Email-Enron,DP-WCC,75,5.251123366
Email-Enron,DP-WCC,76,5.251146983
Email-Enron,DP-WCC,77,5.251161795
Email-Enron,DP-WCC,78,5.251188059
Email-Enron,DP-WCC,79,5.251199335
Email-Enron,DP-WCC,80,5.251231855
Email-Enron,DP-WCC,81,5.251263322
Email-Enron,DP-WCC,82,5.251296235
Email-Enron,DP-WCC,83,5.251330509
Email-Enron,DP-WCC,84,5.251361031
Email-Enron,DP-WCC,85,5.251371457
Email-Enron,DP-WCC,86,5.251398747
Email-Enron,DP-WCC,87,5.25140378
Email-Enron,DP-WCC,88,5.251441186
Email-Enron,DP-WCC,89,5.251478571
Email-Enron,DP-WCC,90,5.251499193
Email-Enron,DP-WCC,91,5.251553141
Email-Enron,DP-WCC,92,5.251589928
Email-Enron,DP-WCC,93,5.251627664
Email-Enron,DP-WCC,94,5.251636525
Email-Enron,DP-WCC,95,5.25165922
Email-Enron,DP-WCC,96,5.251660129
Email-Enron,DP-WCC,97,5.251691464
Email-Enron,DP-WCC,98,5.251704585
Email-Enron,DP-WCC,99,5.251744566
Email-Enron,DP-WCC,100,5.251772237
Email-Enron,DP-WCC,101,5.25179284
Email-Enron,DP-WCC,102,5.251822603
Email-Enron,DP-WCC,103,5.251838773
Email-Enron,DP-WCC,104,5.251855347
Email-Enron,DP-WCC,105,5.251871032
Email-Enron,DP-WCC,106,5.251881244
Email-Enron,DP-WCC,107,5.251898144
Email-Enron,DP-WCC,108,5.251943842
Email-Enron,DP-WCC,109,5.251959239
Email-Enron,DP-WCC,110,5.252007992
Email-Enron,DP-WCC,111,5.252018695
Email-Enron,DP-WCC,112,5.252066187
Email-Enron,DP-WCC,113,5.252084936
Email-Enron,DP-WCC,114,5.252131977
Email-Enron,DP-WCC,115,5.25215299
Email-Enron,DP-WCC,116,5.252153926
Email-Enron,DP-WCC,117,5.252168643
Email-Enron,DP-WCC,118,5.252202235
Email-Enron,DP-WCC,119,5.252207158
Email-Enron,DP-WCC,120,5.252215236
Email-Enron,DP-WCC,121,5.25222949
Email-Enron,DP-WCC,122,5.252248739
Email-Enron,DP-WCC,123,5.252279455
Email-Enron,DP-WCC,124,5.252314924
Email-Enron,DP-WCC,125,5.252335931
Email-Enron,DP-WCC,126,5.252389801
Email-Enron,DP-WCC,127,5.252440926
Email-Enron,DP-WCC,128,5.252468063
Email-Enron,DP-WCC,129,5.252500983
Email-Enron,DP-WCC,130,5.252504294
Email-Enron,DP-WCC,131,5.252546068
Email-Enron,DP-WCC,132,5.252555809
Email-Enron,DP-WCC,133,5.252587952
Email-Enron,DP-WCC,134,5.252614838
Email-Enron,DP-WCC,135,5.2526414280000004
Email-Enron,DP-WCC,136,5.25270672
Email-Enron,DP-WCC,137,5.252739121
Email-Enron,DP-WCC,138,5.252768696
Email-Enron,DP-WCC,139,5.2527860650000004
Email-Enron,DP-WCC,140,5.252838261
Email-Enron,DP-WCC,141,5.25288538
Email-Enron,DP-WCC,142,5.252902655
Email-Enron,DP-WCC,143,5.252923277
Email-Enron,DP-WCC,144,5.252927417
Email-Enron,DP-WCC,145,5.252971448
Email-Enron,DP-WCC,146,5.252986771
Email-Enron,DP-WCC,147,5.252997461
Email-Enron,DP-WCC,148,5.253022983
Email-Enron,DP-WCC,149,5.253044765
Email-Enron,DP-WCC,150,5.253078185
Email-Enron,DP-WCC,151,5.253105299
Email-Enron,DP-WCC,152,5.253127975
Email-Enron,DP-WCC,153,5.253146762
Email-Enron,DP-WCC,154,5.253170492
Email-Enron,DP-WCC,155,5.253184264
Email-Enron,DP-WCC,156,5.253194882
Email-Enron,DP-WCC,157,5.253206506
Email-Enron,DP-WCC,158,5.253276352
Email-Enron,DP-WCC,159,5.253314081
Email-Enron,DP-WCC,160,5.253335713
Email-Enron,DP-WCC,161,5.253355161
Email-Enron,DP-WCC,162,5.2533698300000005
Email-Enron,DP-WCC,163,5.253393117
Email-Enron,DP-WCC,164,5.2534069930000005
Email-Enron,DP-WCC,165,5.253422964
Email-Enron,DP-WCC,166,5.253443088
Email-Enron,DP-WCC,167,5.253454149
Email-Enron,DP-WCC,168,5.25346319
Email-Enron,DP-WCC,169,5.25348559
Email-Enron,DP-WCC,170,5.253503357
Email-Enron,DP-WCC,171,5.25351847
Email-Enron,DP-WCC,172,5.25354991
Email-Enron,DP-WCC,173,5.253576535
Email-Enron,DP-WCC,174,5.25359774
Email-Enron,DP-WCC,175,5.253612538
Email-Enron,DP-WCC,176,5.253634002
Email-Enron,DP-WCC,177,5.253641513
Email-Enron,DP-WCC,178,5.253654237
Email-Enron,DP-WCC,179,5.253670854
Email-Enron,DP-WCC,180,5.253684414
Email-Enron,DP-WCC,181,5.253701223
Email-Enron,DP-WCC,182,5.25377424
Email-Enron,DP-WCC,183,5.253775078
Email-Enron,DP-WCC,184,5.253780285
Email-Enron,DP-WCC,185,5.253796449
Email-Enron,DP-WCC,186,5.253818893
Email-Enron,DP-WCC,187,5.253831194
Email-Enron,DP-WCC,188,5.253846421
Email-Enron,DP-WCC,189,5.253867605
Email-Enron,DP-WCC,190,5.2538796229999996
Email-Enron,DP-WCC,191,5.255382258
Email-Enron,DP-WCC,192,5.255383514
Email-Enron,DP-WCC,193,5.25538513
Email-Enron,DP-WCC,194,5.25538749
Email-Enron,DP-WCC,195,5.25539026
Email-Enron,DP-WCC,196,5.255393512
Email-Enron,DP-WCC,197,5.255396694
Email-Enron,DP-WCC,198,5.255401069
Email-Enron,DP-WCC,199,5.255405942
Email-Enron,DP-WCC,200,5.2554115679999995
Email-Enron,DP-WCC,201,5.255417586
Email-Enron,DP-WCC,202,5.255424501
Email-Enron,DP-WCC,203,5.255432288
Email-Enron,DP-WCC,204,5.255440109
Email-Enron,DP-WCC,205,5.25544841
Email-Enron,DP-WCC,206,5.255457319
Email-Enron,DP-WCC,207,5.255466642
Email-Enron,DP-WCC,208,5.255476595
Email-Enron,DP-WCC,209,5.25548914
Email-Enron,DP-WCC,210,5.255497371
Email-Enron,DP-WCC,211,5.255510181
Email-Enron,DP-WCC,212,5.25551873
Email-Enron,DP-WCC,213,5.255532978
Email-Enron,DP-WCC,214,5.255539064
Email-Enron,DP-WCC,215,5.255545335
Email-Enron,DP-WCC,216,5.255563993
Email-Enron,DP-WCC,217,5.2555708
Email-Enron,DP-WCC,218,5.255585159
Email-Enron,DP-WCC,219,5.255598162
Email-Enron,DP-WCC,220,5.25561274
Email-Enron,DP-WCC,221,5.255628046
Email-Enron,DP-WCC,222,5.255645194
Email-Enron,DP-WCC,223,5.255661329
Email-Enron,DP-WCC,224,5.25567829
Email-Enron,DP-WCC,225,5.255687192
Email-Enron,DP-WCC,226,5.256858519
Email-Enron,DP-WCC,227,5.256859693
Email-Enron,DP-WCC,228,5.256860765
Email-Enron,DP-WCC,229,5.256862231
Email-Enron,DP-WCC,230,5.256864023
Email-Enron,DP-WCC,231,5.256866217
Email-Enron,DP-WCC,232,5.256868987
Email-Enron,DP-WCC,233,5.259609304
Email-Enron,DP-WCC,234,5.259610757
Email-Enron,DP-WCC,235,5.259611802
Email-Enron,DP-WCC,236,5.2596133720000005
Email-Enron,DP-WCC,237,5.267068828
Email-Enron,DP-WCC,238,5.267070669
Email-Enron,DP-WCC,239,5.267072393
Email-Enron,DP-WCC,240,5.267074428
Email-Enron,DP-WCC,241,5.267077022
Email-Enron,DP-WCC,242,5.26708033
Email-Enron,DP-WCC,243,5.267084184
Email-Enron,DP-WCC,244,5.267088286
Email-Enron,DP-WCC,245,5.267092908
Email-Enron,DP-WCC,246,5.267098065
Email-Enron,DP-WCC,247,5.267103788
Email-Enron,DP-WCC,248,5.267110091
Email-Enron,DP-WCC,249,5.26711688
Email-Enron,DP-WCC,250,5.26711887
Email-Enron,DP-WCC,251,5.267126873
Email-Enron,DP-WCC,252,5.267136787
Email-Enron,DP-WCC,253,5.267145643
Email-Enron,DP-WCC,254,5.267154603
Email-Enron,DP-WCC,255,5.26716419
Email-Enron,DP-WCC,256,5.267174612
Email-Enron,DP-WCC,257,5.267185293
Email-Enron,DP-WCC,258,5.267213056
Email-Enron,DP-WCC,259,5.267225537
Email-Enron,DP-WCC,260,5.267240496
Email-Enron,DP-WCC,261,5.267254856
Email-Enron,DP-WCC,262,5.267268857
Email-Enron,DP-WCC,263,5.267283775
Email-Enron,DP-WCC,264,5.267299633
Email-Enron,DP-WCC,265,5.267315715
Email-Enron,DP-WCC,266,5.267332406
Email-Enron,DP-WCC,267,5.267350054
Email-Enron,DP-WCC,268,5.267353667
Email-Enron,DP-WCC,269,5.267373357
Email-Enron,DP-WCC,270,5.267391859
Email-Enron,DP-WCC,271,5.267410956
Email-Enron,DP-WCC,272,5.267431017
Email-Enron,DP-WCC,273,5.267442479
Email-Enron,DP-WCC,274,5.267455307
Email-Enron,DP-WCC,275,5.267476909
Email-Enron,DP-WCC,276,5.267491999
Email-Enron,DP-WCC,277,5.267510691
Email-Enron,DP-WCC,278,5.267522078
Email-Enron,DP-WCC,279,5.267537472
Email-Enron,DP-WCC,280,5.26754613
Email-Enron,DP-WCC,281,5.267565758
Email-Enron,DP-WCC,282,5.267576115
Email-Enron,DP-WCC,283,5.267603304
Email-Enron,DP-WCC,284,5.267616606
Email-Enron,DP-WCC,285,5.267637434
Email-Enron,DP-WCC,286,5.2676637379999995
Email-Enron,DP-WCC,287,5.267678247
Email-Enron,DP-WCC,288,5.267689833
Email-Enron,DP-WCC,289,5.267698823
Email-Enron,DP-WCC,290,5.267715157
Email-Enron,DP-WCC,291,5.2677312050000005
Email-Enron,DP-WCC,292,5.267748868
Email-Enron,DP-WCC,293,5.267778852
Email-Enron,DP-WCC,294,5.267802996
Email-Enron,DP-WCC,295,5.267815406
Email-Enron,DP-WCC,296,5.267848238
Email-Enron,DP-WCC,297,5.267855779
Email-Enron,DP-WCC,298,5.267888784
Email-Enron,DP-WCC,299,5.267907766
Email-Enron,DP-WCC,300,5.267934193
Email-Enron,DP-WCC,301,5.267967613
Email-Enron,DP-WCC,302,5.267994687
Email-Enron,DP-WCC,303,5.268003653
Email-Enron,DP-WCC,304,5.268010437
Email-Enron,DP-WCC,305,5.268035406
Email-Enron,DP-WCC,306,5.268047012
Email-Enron,DP-WCC,307,5.26805691
Email-Enron,DP-WCC,308,5.268064711
Email-Enron,DP-WCC,309,5.268090867
Email-Enron,DP-WCC,310,5.268097213
Email-Enron,DP-WCC,311,5.268116081
Email-Enron,DP-WCC,312,5.2681169820000004
Email-Enron,DP-WCC,313,5.268134551
Email-Enron,DP-WCC,314,5.268175516
Email-Enron,DP-WCC,315,5.268208541
Email-Enron,DP-WCC,316,5.26823541
Email-Enron,DP-WCC,317,5.268269183
Email-Enron,DP-WCC,318,5.2682802429999995
Email-Enron,DP-WCC,319,5.268306735
Email-Enron,DP-WCC,320,5.268320886
Email-Enron,DP-WCC,321,5.268365049
Email-Enron,DP-WCC,322,5.268380585
Email-Enron,DP-WCC,323,5.268389745
Email-Enron,DP-WCC,324,5.268403151
Email-Enron,DP-WCC,325,5.268411044
Email-Enron,DP-WCC,326,5.268437339
Email-Enron,DP-WCC,327,5.26845943
Email-Enron,DP-WCC,328,5.268470301
Email-Enron,DP-WCC,329,5.268473434
Email-Enron,DP-WCC,330,5.268492122
Email-Enron,DP-WCC,331,5.268527008
Email-Enron,DP-WCC,332,5.26854812
Email-Enron,DP-WCC,333,5.268554405
Email-Enron,DP-WCC,334,5.268582404
Email-Enron,DP-WCC,335,5.268624884
Email-Enron,DP-WCC,336,5.268644325
Email-Enron,DP-WCC,337,5.2686557050000005
Email-Enron,DP-WCC,338,5.268666841
Email-Enron,DP-WCC,339,5.268706675
Email-Enron,DP-WCC,340,5.268756619
Email-Enron,DP-WCC,341,5.268770026
Email-Enron,DP-WCC,342,5.268786786
Email-Enron,DP-WCC,343,5.268809785
Email-Enron,DP-WCC,344,5.268834455
Email-Enron,DP-WCC,345,5.268867406
Email-Enron,DP-WCC,346,5.268868309
Email-Enron,DP-WCC,347,5.268878183
Email-Enron,DP-WCC,348,5.268891604
Email-Enron,DP-WCC,349,5.268905111
Email-Enron,DP-WCC,350,5.268965297
Email-Enron,DP-WCC,351,5.268966922
Email-Enron,DP-WCC,352,5.268993829
Email-Enron,DP-WCC,353,5.26900683
Email-Enron,DP-WCC,354,5.2690358889999995
Email-Enron,DP-WCC,355,5.269051399
Email-Enron,DP-WCC,356,5.269143483
Email-Enron,DP-WCC,357,5.2691444579999995
Email-Enron,DP-WCC,358,5.269145933
Email-Enron,DP-WCC,359,5.269147669
Email-Enron,DP-WCC,360,5.269149909
Email-Enron,DP-WCC,361,5.269156323
Email-Enron,DP-WCC,362,5.26922439
Email-Enron,DP-WCC,363,5.26924433
Email-Enron,DP-WCC,364,5.269314387
Email-Enron,DP-WCC,365,5.269320373
Email-Enron,DP-WCC,366,5.269341735
Email-Enron,DP-WCC,367,5.269368402
Email-Enron,DP-WCC,368,5.269396769
Email-Enron,DP-WCC,369,5.269421838
Email-Enron,DP-WCC,370,5.269429928
Email-Enron,DP-WCC,371,5.269440838
Email-Enron,DP-WCC,372,5.269441692
Email-Enron,DP-WCC,373,5.269468708
Email-Enron,DP-WCC,374,5.269513555
Email-Enron,DP-WCC,375,5.269824033
Email-Enron,DP-WCC,376,5.269824964
Email-Enron,DP-WCC,377,5.269826238
Email-Enron,DP-WCC,378,5.269828002
Email-Enron,DP-WCC,379,5.269830366
Email-Enron,DP-WCC,380,5.269833287
Email-Enron,DP-WCC,381,5.269836674
Email-Enron,DP-WCC,382,5.269840571
Email-Enron,DP-WCC,383,5.269850496
Email-Enron,DP-WCC,384,5.269855605
Email-Enron,DP-WCC,385,5.269861635
Email-Enron,DP-WCC,386,5.269868123
Email-Enron,DP-WCC,387,5.269874186
Email-Enron,DP-WCC,388,5.269877556
Email-Enron,DP-WCC,389,5.269883067
Email-Enron,DP-WCC,390,5.2699464129999996
Email-Enron,DP-WCC,391,5.269966766
Email-Enron,DP-WCC,392,5.269983747
Email-Enron,DP-WCC,393,5.270019918
Email-Enron,DP-WCC,394,5.270041799
Email-Enron,DP-WCC,395,5.270076637
Email-Enron,DP-WCC,396,5.270086628
Email-Enron,DP-WCC,397,5.2701008
Email-Enron,DP-WCC,398,5.270116396
Email-Enron,DP-WCC,399,5.270167073
Email-Enron,DP-WCC,400,5.2702101599999995
Email-Enron,DP-WCC,401,5.27022431
Email-Enron,DP-WCC,402,5.270245139
Email-Enron,DP-WCC,403,5.270249392
Email-Enron,DP-WCC,404,5.270271139
Email-Enron,DP-WCC,405,5.270313586
Email-Enron,DP-WCC,406,5.270329909
Email-Enron,DP-WCC,407,5.270377026
Email-Enron,DP-WCC,408,5.27193667
Email-Enron,DP-WCC,409,5.271937728
Email-Enron,DP-WCC,410,5.271939158
Email-Enron,DP-WCC,411,5.271941024
Email-Enron,DP-WCC,412,5.271943469
Email-Enron,DP-WCC,413,5.271946592
Email-Enron,DP-WCC,414,5.271950094
Email-Enron,DP-WCC,415,5.271953954
Email-Enron,DP-WCC,416,5.271958646
Email-Enron,DP-WCC,417,5.271963582
Email-Enron,DP-WCC,418,5.271967967
Email-Enron,DP-WCC,419,5.27197164
Email-Enron,DP-WCC,420,5.271978176
Email-Enron,DP-WCC,421,5.271982779
Email-Enron,DP-WCC,422,5.271990603
Email-Enron,DP-WCC,423,5.271998792
Email-Enron,DP-WCC,424,5.272003735
Email-Enron,DP-WCC,425,5.272012935
Email-Enron,DP-WCC,426,5.272023081
Email-Enron,DP-WCC,427,5.272033465
Email-Enron,DP-WCC,428,5.272038497
Email-Enron,DP-WCC,429,5.2720499180000004
Email-Enron,DP-WCC,430,5.272061983
Email-Enron,DP-WCC,431,5.272074049
Email-Enron,DP-WCC,432,5.272087491
Email-Enron,DP-WCC,433,5.272100291
Email-Enron,DP-WCC,434,5.272113156
Email-Enron,DP-WCC,435,5.272118444
Email-Enron,DP-WCC,436,5.272131626
Email-Enron,DP-WCC,437,5.272138288
Email-Enron,DP-WCC,438,5.272155111
Email-Enron,DP-WCC,439,5.27217168
Email-Enron,DP-WCC,440,5.272189828
Email-Enron,DP-WCC,441,5.272194934
Email-Enron,DP-WCC,442,5.272213745
Email-Enron,DP-WCC,443,5.272232474
Email-Enron,DP-WCC,444,5.272251618
Email-Enron,DP-WCC,445,5.272268271
Email-Enron,DP-WCC,446,5.272289225
Email-Enron,DP-WCC,447,5.272310322
Email-Enron,DP-WCC,448,5.272312052
Email-Enron,DP-WCC,449,5.272332265
Email-Enron,DP-WCC,450,5.272334601
Email-Enron,DP-WCC,451,5.272357462
Email-Enron,DP-WCC,452,5.272381221
Email-Enron,DP-WCC,453,5.272393468
Email-Enron,DP-WCC,454,5.272414237
Email-Enron,DP-WCC,455,5.272426506
Email-Enron,DP-WCC,456,5.272427347
Email-Enron,DP-WCC,457,5.27243092
Email-Enron,DP-WCC,458,5.272443536
Email-Enron,DP-WCC,459,5.272454048
Email-Enron,DP-WCC,460,5.272481141
Email-Enron,DP-WCC,461,5.272507643
Email-Enron,DP-WCC,462,5.27251565
Email-Enron,DP-WCC,463,5.272526409
Email-Enron,DP-WCC,464,5.272538981
Email-Enron,DP-WCC,465,5.27256067
Email-Enron,DP-WCC,466,5.272577226
Email-Enron,DP-WCC,467,5.27261462
Email-Enron,DP-WCC,468,5.27264084
Email-Enron,DP-WCC,469,5.272674448
Email-Enron,DP-WCC,470,5.272680348
Email-Enron,DP-WCC,471,5.272703926
Email-Enron,DP-WCC,472,5.27271971
Email-Enron,DP-WCC,473,5.272743558
Email-Enron,DP-WCC,474,5.272756626
Email-Enron,DP-WCC,475,5.272777933
Email-Enron,DP-WCC,476,5.272797796
Email-Enron,DP-WCC,477,5.272818747
Email-Enron,DP-WCC,478,5.272839627
Email-Enron,DP-WCC,479,5.272859585
Email-Enron,DP-WCC,480,5.2728992550000005
Email-Enron,DP-WCC,481,5.272915822
Email-Enron,DP-WCC,482,5.272951473
Email-Enron,DP-WCC,483,5.272982187
Email-Enron,DP-WCC,484,5.273012862
Email-Enron,DP-WCC,485,5.273055051
Email-Enron,DP-WCC,486,5.2730612820000005
Email-Enron,DP-WCC,487,5.273062233
Email-Enron,DP-WCC,488,5.27310674
Email-Enron,DP-WCC,489,5.2731500669999996
Email-Enron,DP-WCC,490,5.273184531
Email-Enron,DP-WCC,491,5.273201502
Email-Enron,DP-WCC,492,5.273202916
Email-Enron,DP-WCC,493,5.273220193
Email-Enron,DP-WCC,494,5.273225523
Email-Enron,DP-WCC,495,5.273238524
Email-Enron,DP-WCC,496,5.273266898
Email-Enron,DP-WCC,497,5.273281459
Email-Enron,DP-WCC,498,5.273294323
Email-Enron,DP-WCC,499,5.273298939
Email-Enron,DP-WCC,500,5.273315423
Email-Enron,DP-WCC,501,5.273332666
Email-Enron,DP-WCC,502,5.2733441469999995
Email-Enron,DP-WCC,503,5.273346586
Email-Enron,DP-WCC,504,5.273360116
Email-Enron,DP-WCC,505,5.273373196
Email-Enron,DP-WCC,506,5.273391469
Email-Enron,DP-WCC,507,5.273398911
Email-Enron,DP-WCC,508,5.27342786
Email-Enron,DP-WCC,509,5.273438572
Email-Enron,DP-WCC,510,5.273461365
Email-Enron,DP-WCC,511,5.273482522
Email-Enron,DP-WCC,512,5.2735093410000005
Email-Enron,DP-WCC,513,5.273516915
Email-Enron,DP-WCC,514,5.273526759
Email-Enron,DP-WCC,515,5.273566795
Email-Enron,DP-WCC,516,5.273579418
Email-Enron,DP-WCC,517,5.273593335
Email-Enron,DP-WCC,518,5.273621337
Email-Enron,DP-WCC,519,5.273647477
Email-Enron,DP-WCC,520,5.273663046
Email-Enron,DP-WCC,521,5.273718283
Email-Enron,DP-WCC,522,5.273837054
Email-Enron,DP-WCC,523,5.273838022
Email-Enron,DP-WCC,524,5.273839416
Email-Enron,DP-WCC,525,5.273841384
Email-Enron,DP-WCC,526,5.273843844
Email-Enron,DP-WCC,527,5.2738526310000005
Email-Enron,DP-WCC,528,5.273853495
Email-Enron,DP-WCC,529,5.273920341
Email-Enron,DP-WCC,530,5.273929829
Email-Enron,DP-WCC,531,5.273943984
Email-Enron,DP-WCC,532,5.273980018
Email-Enron,DP-WCC,533,5.274013071
Email-Enron,DP-WCC,534,5.27402467
Email-Enron,DP-WCC,535,5.274036735
Email-Enron,DP-WCC,536,5.274059574
Email-Enron,DP-WCC,537,5.274099492
Email-Enron,DP-WCC,538,5.27411071
Email-Enron,DP-WCC,539,5.274120328
Email-Enron,DP-WCC,540,5.274137897
Email-Enron,DP-WCC,541,5.274199896
Email-Enron,DP-WCC,542,5.274230121
Email-Enron,DP-WCC,543,5.274230994
Email-Enron,DP-WCC,544,5.27426474
Email-Enron,DP-WCC,545,5.274309583
Email-Enron,DP-WCC,546,5.274323101
Email-Enron,DP-WCC,547,5.274353802
Email-Enron,DP-WCC,548,5.274371599
Email-Enron,DP-WCC,549,5.274395188
Email-Enron,DP-WCC,550,5.2744092
Email-Enron,DP-WCC,551,5.274442238
Email-Enron,DP-WCC,552,5.274457759
Email-Enron,DP-WCC,553,5.27448158
Email-Enron,DP-WCC,554,5.2744984
Email-Enron,DP-WCC,555,5.274505321
Email-Enron,DP-WCC,556,5.274523232
Email-Enron,DP-WCC,557,5.274533655
Email-Enron,DP-WCC,558,5.274575177
Email-Enron,DP-WCC,559,5.27474507
Email-Enron,DP-WCC,560,5.27474595
Email-Enron,DP-WCC,561,5.274747189
Email-Enron,DP-WCC,562,5.274749226
Email-Enron,DP-WCC,563,5.274751598
Email-Enron,DP-WCC,564,5.274752844
Email-Enron,DP-WCC,565,5.274756188
Email-Enron,DP-WCC,566,5.274760179
Email-Enron,DP-WCC,567,5.274765102
Email-Enron,DP-WCC,568,5.2747694
Email-Enron,DP-WCC,569,5.27477248
Email-Enron,DP-WCC,570,5.274778581
Email-Enron,DP-WCC,571,5.274784875
Email-Enron,DP-WCC,572,5.274824748
Email-Enron,DP-WCC,573,5.274839036
Email-Enron,DP-WCC,574,5.274854347
Email-Enron,DP-WCC,575,5.274874652
Email-Enron,DP-WCC,576,5.274903764
Email-Enron,DP-WCC,577,5.27493782
Email-Enron,DP-WCC,578,5.274961705
Email-Enron,DP-WCC,579,5.274964402
Email-Enron,DP-WCC,580,5.274997329
Email-Enron,DP-WCC,581,5.27500285
Email-Enron,DP-WCC,582,5.275046012
Email-Enron,DP-WCC,583,5.27506825
Email-Enron,DP-WCC,584,5.275091607
Email-Enron,DP-WCC,585,5.275123101
Email-Enron,DP-WCC,586,5.275123984
Email-Enron,DP-WCC,587,5.275125299
Email-Enron,DP-WCC,588,5.275190474
Email-Enron,DP-WCC,589,5.275224489
Email-Enron,DP-WCC,590,5.275233539
Email-Enron,DP-WCC,591,5.275238152
Email-Enron,DP-WCC,592,5.275244717
Email-Enron,DP-WCC,593,5.275272791
Email-Enron,DP-WCC,594,5.275329661
Email-Enron,DP-WCC,595,5.275541128
Email-Enron,DP-WCC,596,5.275542169
Email-Enron,DP-WCC,597,5.275543853
Email-Enron,DP-WCC,598,5.275546188
Email-Enron,DP-WCC,599,5.275548135
Email-Enron,DP-WCC,600,5.27555061
Email-Enron,DP-WCC,601,5.275552175
Email-Enron,DP-WCC,602,5.279464548
Email-Enron,DP-WCC,603,5.279467658
Email-Enron,DP-WCC,604,5.279469025
Email-Enron,DP-WCC,605,5.2794706940000005
Email-Enron,DP-WCC,606,5.279472912
Email-Enron,DP-WCC,607,5.279475551
Email-Enron,DP-WCC,608,5.280363926
Email-Enron,DP-WCC,609,5.280366327
Email-Enron,DP-WCC,610,5.280367862
Email-Enron,DP-WCC,611,5.280369708
Email-Enron,DP-WCC,612,5.280371856
Email-Enron,DP-WCC,613,5.280374573
Email-Enron,DP-WCC,614,5.280378689
Email-Enron,DP-WCC,615,5.280382597
Email-Enron,DP-WCC,616,5.280386763
Email-Enron,DP-WCC,617,5.280391168
Email-Enron,DP-WCC,618,5.280396085
Email-Enron,DP-WCC,619,5.280401756
Email-Enron,DP-WCC,620,5.280692533
Email-Enron,DP-WCC,621,5.2806933990000005
Email-Enron,DP-WCC,622,5.280694739
Email-Enron,DP-WCC,623,5.280696474
Email-Enron,DP-WCC,624,5.280698723
Email-Enron,DP-WCC,625,5.280701512
Email-Enron,DP-WCC,626,5.280704465
Email-Enron,DP-WCC,627,5.280707894
Email-Enron,DP-WCC,628,5.280713264
Email-Enron,DP-WCC,629,5.280717671
Email-Enron,DP-WCC,630,5.28072254
Email-Enron,DP-WCC,631,5.280727914
Email-Enron,DP-WCC,632,5.283149335
Email-Enron,DP-WCC,633,5.283152014
Email-Enron,DP-WCC,634,5.283153527
Email-Enron,DP-WCC,635,5.283155304
Email-Enron,DP-WCC,636,5.283158203
Email-Enron,DP-WCC,637,5.283161438
Email-Enron,DP-WCC,638,5.283165704
Email-Enron,DP-WCC,639,5.28316924
Email-Enron,DP-WCC,640,5.283173305
Email-Enron,DP-WCC,641,5.283177631
Email-Enron,DP-WCC,642,5.2831805
Email-Enron,DP-WCC,643,5.28318354
Email-Enron,DP-WCC,644,5.283190165
Email-Enron,DP-WCC,645,5.283196535
Email-Enron,DP-WCC,646,5.283204529
Email-Enron,DP-WCC,647,5.28320753
Email-Enron,DP-WCC,648,5.283214006
Email-Enron,DP-WCC,649,5.283217995
Email-Enron,DP-WCC,650,5.283224559
Email-Enron,DP-WCC,651,5.283231992
Email-Enron,DP-WCC,652,5.283236082
Email-Enron,DP-WCC,653,5.283238377
Email-Enron,DP-WCC,654,5.283250094
Email-Enron,DP-WCC,655,5.283263448
Email-Enron,DP-WCC,656,5.283273492
Email-Enron,DP-WCC,657,5.283283046
Email-Enron,DP-WCC,658,5.28329442
Email-Enron,DP-WCC,659,5.28330691
Email-Enron,DP-WCC,660,5.283312498
Email-Enron,DP-WCC,661,5.283323191
Email-Enron,DP-WCC,662,5.283327921
Email-Enron,DP-WCC,663,5.283333698
Email-Enron,DP-WCC,664,5.283341108
Email-Enron,DP-WCC,665,5.283349532
Email-Enron,DP-WCC,666,5.283390111
Email-Enron,DP-WCC,667,5.283390876
Email-Enron,DP-WCC,668,5.283392108
Email-Enron,DP-WCC,669,5.2833938
Email-Enron,DP-WCC,670,5.283396193
Email-Enron,DP-WCC,671,5.283399157
Email-Enron,DP-WCC,672,5.283401978
Email-Enron,DP-WCC,673,5.283405792
Email-Enron,DP-WCC,674,5.283409726
Email-Enron,DP-WCC,675,5.28341504
Email-Enron,DP-WCC,676,5.283417814
Email-Enron,DP-WCC,677,5.283423667
Email-Enron,DP-WCC,678,5.283429689
Email-Enron,DP-WCC,679,5.283436257
Email-Enron,DP-WCC,680,5.283441755
Email-Enron,DP-WCC,681,5.283452081
Email-Enron,DP-WCC,682,5.283455661
Email-Enron,DP-WCC,683,5.28346021
Email-Enron,DP-WCC,684,5.283463397
Email-Enron,DP-WCC,685,5.283472903
Email-Enron,DP-WCC,686,5.283483506
Email-Enron,DP-WCC,687,5.28348759
Email-Enron,DP-WCC,688,5.283492273
Email-Enron,DP-WCC,689,5.283498058
Email-Enron,DP-WCC,690,5.283519937
Email-Enron,DP-WCC,691,5.283535897
Email-Enron,DP-WCC,692,5.2835439619999995
Email-Enron,DP-WCC,693,5.283553702
Email-Enron,DP-WCC,694,5.283564591
Email-Enron,DP-WCC,695,5.283574327
Email-Enron,DP-WCC,696,5.283581772
Email-Enron,DP-WCC,697,5.283595994
Email-Enron,DP-WCC,698,5.283617958
Email-Enron,DP-WCC,699,5.283622661
Email-Enron,DP-WCC,700,5.283629981
Email-Enron,DP-WCC,701,5.2836366869999996
Email-Enron,DP-WCC,702,5.283642406
Email-Enron,DP-WCC,703,5.283769313
Email-Enron,DP-WCC,704,5.283770271
Email-Enron,DP-WCC,705,5.283771578
Email-Enron,DP-WCC,706,5.283773464
Email-Enron,DP-WCC,707,5.283775865
Email-Enron,DP-WCC,708,5.283778906
Email-Enron,DP-WCC,709,5.283782645
Email-Enron,DP-WCC,710,5.283785089
Email-Enron,DP-WCC,711,5.283786338
Email-Enron,DP-WCC,712,5.2837892459999996
Email-Enron,DP-WCC,713,5.283793668
Email-Enron,DP-WCC,714,5.283797635
Email-Enron,DP-WCC,715,5.283804525
Email-Enron,DP-WCC,716,5.283812144
Email-Enron,DP-WCC,717,5.283917421
Email-Enron,DP-WCC,718,5.283918362
Email-Enron,DP-WCC,719,5.283919814
Email-Enron,DP-WCC,720,5.283921758
Email-Enron,DP-WCC,721,5.283924762
Email-Enron,DP-WCC,722,5.283928298
Email-Enron,DP-WCC,723,5.283931963
Email-Enron,DP-WCC,724,5.283936003
Email-Enron,DP-WCC,725,5.283939779
Email-Enron,DP-WCC,726,5.283944881
Email-Enron,DP-WCC,727,5.28395074
Email-Enron,DP-WCC,728,5.283958224
Email-Enron,DP-WCC,729,5.283961367
Email-Enron,DP-WCC,730,5.283967036
Email-Enron,DP-WCC,731,5.284608144
Email-Enron,DP-WCC,732,5.284609209
Email-Enron,DP-WCC,733,5.284610704
Email-Enron,DP-WCC,734,5.28461252
Email-Enron,DP-WCC,735,5.28461513
Email-Enron,DP-WCC,736,5.284618315
Email-Enron,DP-WCC,737,5.284621859
Email-Enron,DP-WCC,738,5.284626054
Email-Enron,DP-WCC,739,5.284629049
Email-Enron,DP-WCC,740,5.284632453
Email-Enron,DP-WCC,741,5.284636556
Email-Enron,DP-WCC,742,5.284640213
Email-Enron,DP-WCC,743,5.284644786
Email-Enron,DP-WCC,744,5.284649321
Email-Enron,DP-WCC,745,5.284657033
Email-Enron,DP-WCC,746,5.284660821
Email-Enron,DP-WCC,747,5.284666047
Email-Enron,DP-WCC,748,5.284674992
Email-Enron,DP-WCC,749,5.284684714
Email-Enron,DP-WCC,750,5.284695184
Email-Enron,DP-WCC,751,5.284706377
Email-Enron,DP-WCC,752,5.284711859
Email-Enron,DP-WCC,753,5.284721105
Email-Enron,DP-WCC,754,5.2847287640000005
Email-Enron,DP-WCC,755,5.284737798
Email-Enron,DP-WCC,756,5.284743793
Email-Enron,DP-WCC,757,5.284745781
Email-Enron,DP-WCC,758,5.284763234
Email-Enron,DP-WCC,759,5.284766987
Email-Enron,DP-WCC,760,5.28478334
Email-Enron,DP-WCC,761,5.284793378
Email-Enron,DP-WCC,762,5.284810007
Email-Enron,DP-WCC,763,5.284826658
Email-Enron,DP-WCC,764,5.284844706
Email-Enron,DP-WCC,765,5.284850338
Email-Enron,DP-WCC,766,5.284853678
Email-Enron,DP-WCC,767,5.284859314
Email-Enron,DP-WCC,768,5.284876922
Email-Enron,DP-WCC,769,5.2848842959999995
Email-Enron,DP-WCC,770,5.284908174
Email-Enron,DP-WCC,771,5.28493036
Email-Enron,DP-WCC,772,5.284940652
Email-Enron,DP-WCC,773,5.284944954
Email-Enron,DP-WCC,774,5.284950244
Email-Enron,DP-WCC,775,5.284959714
Email-Enron,DP-WCC,776,5.284973147
Email-Enron,DP-WCC,777,5.28497438
Email-Enron,DP-WCC,778,5.284979028
Email-Enron,DP-WCC,779,5.284997937
Email-Enron,DP-WCC,780,5.285006611
Email-Enron,DP-WCC,781,5.285025757
Email-Enron,DP-WCC,782,5.285031594
Email-Enron,DP-WCC,783,5.285040758
Email-Enron,DP-WCC,784,5.285064745
Email-Enron,DP-WCC,785,5.285077517
Email-Enron,DP-WCC,786,5.285080005
Email-Enron,DP-WCC,787,5.285089505
Email-Enron,DP-WCC,788,5.285109415
Email-Enron,DP-WCC,789,5.285115468
Email-Enron,DP-WCC,790,5.285120443
Email-Enron,DP-WCC,791,5.285131947
Email-Enron,DP-WCC,792,5.285132838
Email-Enron,DP-WCC,793,5.285138534
Email-Enron,DP-WCC,794,5.285152275
Email-Enron,DP-WCC,795,5.285157302
Email-Enron,DP-WCC,796,5.285163184
Email-Enron,DP-WCC,797,5.285174165
Email-Enron,DP-WCC,798,5.285574253
Email-Enron,DP-WCC,799,5.285575227
Email-Enron,DP-WCC,800,5.285576538
Email-Enron,DP-WCC,801,5.285578474
Email-Enron,DP-WCC,802,5.28558088
Email-Enron,DP-WCC,803,5.285583746
Email-Enron,DP-WCC,804,5.285587229
Email-Enron,DP-WCC,805,5.285590995
Email-Enron,DP-WCC,806,5.285593478
Email-Enron,DP-WCC,807,5.285597226
Email-Enron,DP-WCC,808,5.285602439
Email-Enron,DP-WCC,809,5.28560914
Email-Enron,DP-WCC,810,5.285610608
Email-Enron,DP-WCC,811,5.28561248
Email-Enron,DP-WCC,812,5.285616349
Email-Enron,DP-WCC,813,5.285622278
Email-Enron,DP-WCC,814,5.285626861
Email-Enron,DP-WCC,815,5.285632711
Email-Enron,DP-WCC,816,5.285641857
Email-Enron,DP-WCC,817,5.285652914
Email-Enron,DP-WCC,818,5.285663537
Email-Enron,DP-WCC,819,5.285668688
Email-Enron,DP-WCC,820,5.285672856
Email-Enron,DP-WCC,821,5.285676405
Email-Enron,DP-WCC,822,5.285679183
Email-Enron,DP-WCC,823,5.285681432
Email-Enron,DP-WCC,824,5.285683637
Email-Enron,DP-WCC,825,5.285690714
Email-Enron,DP-WCC,826,5.285691471
Email-Enron,DP-WCC,827,5.285699012
Email-Enron,DP-WCC,828,5.285708827
Email-Enron,DP-WCC,829,5.285718119
Email-Enron,DP-WCC,830,5.28572316
Email-Enron,DP-WCC,831,5.285728935
Email-Enron,DP-WCC,832,5.285732739
Email-Enron,DP-WCC,833,5.285740563
Email-Enron,DP-WCC,834,5.285746602
Email-Enron,DP-WCC,835,5.285752466
Email-Enron,DP-WCC,836,5.285758651
Email-Enron,DP-WCC,837,5.285766562
Email-Enron,DP-WCC,838,5.2857711720000005
Email-Enron,DP-WCC,839,5.285777788
Email-Enron,DP-WCC,840,5.285782934
Email-Enron,DP-WCC,841,5.285804509
Email-Enron,DP-WCC,842,5.285810087
Email-Enron,DP-WCC,843,5.285819076
Email-Enron,DP-WCC,844,5.285832051
Email-Enron,DP-WCC,845,5.285839557
Email-Enron,DP-WCC,846,5.285842778
Email-Enron,DP-WCC,847,5.285848998
Email-Enron,DP-WCC,848,5.285860745
Email-Enron,DP-WCC,849,5.285869956
Email-Enron,DP-WCC,850,5.2862779060000005
Email-Enron,DP-WCC,851,5.286278911
Email-Enron,DP-WCC,852,5.286280263
Email-Enron,DP-WCC,853,5.286281918
Email-Enron,DP-WCC,854,5.286284254
Email-Enron,DP-WCC,855,5.286292682
Email-Enron,DP-WCC,856,5.286295136
Email-Enron,DP-WCC,857,5.286297114
Email-Enron,DP-WCC,858,5.286299495
Email-Enron,DP-WCC,859,5.286302504
Email-Enron,DP-WCC,860,5.286305926
Email-Enron,DP-WCC,861,5.286308713
Email-Enron,DP-WCC,862,5.286313384
Email-Enron,DP-WCC,863,5.286318256
Email-Enron,DP-WCC,864,5.286322039
Email-Enron,DP-WCC,865,5.286325896
Email-Enron,DP-WCC,866,5.286330343
Email-Enron,DP-WCC,867,5.286334489
Email-Enron,DP-WCC,868,5.286339447
Email-Enron,DP-WCC,869,5.286344597
Email-Enron,DP-WCC,870,5.286353223
Email-Enron,DP-WCC,871,5.286354077
Email-Enron,DP-WCC,872,5.286355458
Email-Enron,DP-WCC,873,5.286359673
Email-Enron,DP-WCC,874,5.286365774
Email-Enron,DP-WCC,875,5.286369952
Email-Enron,DP-WCC,876,5.286373675
Email-Enron,DP-WCC,877,5.286384728
Email-Enron,DP-WCC,878,5.286388236
Email-Enron,DP-WCC,879,5.286396911
Email-Enron,DP-WCC,880,5.2864017180000005
Email-Enron,DP-WCC,881,5.286405843
Email-Enron,DP-WCC,882,5.286414165
Email-Enron,DP-WCC,883,5.286420118
Email-Enron,DP-WCC,884,5.286435858
Email-Enron,DP-WCC,885,5.28643659
Email-Enron,DP-WCC,886,5.286437839
Email-Enron,DP-WCC,887,5.28644005
Email-Enron,DP-WCC,888,5.286445555
Email-Enron,DP-WCC,889,5.2864495080000005
Email-Enron,DP-WCC,890,5.28646014
Email-Enron,DP-WCC,891,5.286463593
Email-Enron,DP-WCC,892,5.286465269
Email-Enron,DP-WCC,893,5.286466282
Email-Enron,DP-WCC,894,5.28647879
Email-Enron,DP-WCC,895,5.28650774
Email-Enron,DP-WCC,896,5.28650854
Email-Enron,DP-WCC,897,5.286517168
Email-Enron,DP-WCC,898,5.28652422
Email-Enron,DP-WCC,899,5.286526887
Email-Enron,DP-WCC,900,5.286542548
Email-Enron,DP-WCC,901,5.286543477
Email-Enron,DP-WCC,902,5.286676669
Email-Enron,DP-WCC,903,5.286677646
Email-Enron,DP-WCC,904,5.286679158
Email-Enron,DP-WCC,905,5.286681213
Email-Enron,DP-WCC,906,5.286684041
Email-Enron,DP-WCC,907,5.286687228
Email-Enron,DP-WCC,908,5.286691026
Email-Enron,DP-WCC,909,5.286695692
Email-Enron,DP-WCC,910,5.286700711
Email-Enron,DP-WCC,911,5.28670618
Email-Enron,DP-WCC,912,5.286712302
Email-Enron,DP-WCC,913,5.286718026
Email-Enron,DP-WCC,914,5.286722131
Email-Enron,DP-WCC,915,5.286727867
Email-Enron,DP-WCC,916,5.286733865
Email-Enron,DP-WCC,917,5.286736911
Email-Enron,DP-WCC,918,5.286745808
Email-Enron,DP-WCC,919,5.286750259
Email-Enron,DP-WCC,920,5.286755097
Email-Enron,DP-WCC,921,5.286767903
Email-Enron,DP-WCC,922,5.286838039
Email-Enron,DP-WCC,923,5.286839073
Email-Enron,DP-WCC,924,5.286840736
Email-Enron,DP-WCC,925,5.286843353
Email-Enron,DP-WCC,926,5.286846314
Email-Enron,DP-WCC,927,5.28684956
Email-Enron,DP-WCC,928,5.286853319
Email-Enron,DP-WCC,929,5.286857195
Email-Enron,DP-WCC,930,5.286860097
Email-Enron,DP-WCC,931,5.2868645690000005
Email-Enron,DP-WCC,932,5.286868333
Email-Enron,DP-WCC,933,5.286871878
Email-Enron,DP-WCC,934,5.287109709
Email-Enron,DP-WCC,935,5.28711076
Email-Enron,DP-WCC,936,5.287112384
Email-Enron,DP-WCC,937,5.287114574
Email-Enron,DP-WCC,938,5.287117393
Email-Enron,DP-WCC,939,5.287120778
Email-Enron,DP-WCC,940,5.287124727
Email-Enron,DP-WCC,941,5.287129117
Email-Enron,DP-WCC,942,5.287134066
Email-Enron,DP-WCC,943,5.287139958
Email-Enron,DP-WCC,944,5.287146123
Email-Enron,DP-WCC,945,5.287152822
Email-Enron,DP-WCC,946,5.287161111
Email-Enron,DP-WCC,947,5.28716441
Email-Enron,DP-WCC,948,5.287169606
Email-Enron,DP-WCC,949,5.287172718
Email-Enron,DP-WCC,950,5.287177169
Email-Enron,DP-WCC,951,5.28717962
Email-Enron,DP-WCC,952,5.287183507
Email-Enron,DP-WCC,953,5.287185503
Email-Enron,DP-WCC,954,5.287188648
Email-Enron,DP-WCC,955,5.287191247
Email-Enron,DP-WCC,956,5.287193463
Email-Enron,DP-WCC,957,5.287195668
Email-Enron,DP-WCC,958,5.287199576
Email-Enron,DP-WCC,959,5.287204452
Email-Enron,DP-WCC,960,5.287206132
Email-Enron,DP-WCC,961,5.287208566
Email-Enron,DP-WCC,962,5.287211977
Email-Enron,DP-WCC,963,5.287215895
Email-Enron,DP-WCC,964,5.287219979
Email-Enron,DP-WCC,965,5.287223442
Email-Enron,DP-WCC,966,5.287228682
Email-Enron,DP-WCC,967,5.287260539
Email-Enron,DP-WCC,968,5.287261401
Email-Enron,DP-WCC,969,5.287262776
Email-Enron,DP-WCC,970,5.287264994
Email-Enron,DP-WCC,971,5.287294342
Email-Enron,DP-WCC,972,5.287295189
Email-Enron,DP-WCC,973,5.2872965690000004
Email-Enron,DP-WCC,974,5.287298668
Email-Enron,DP-WCC,975,5.287301396
Email-Enron,DP-WCC,976,5.287303923
Email-Enron,DP-WCC,977,5.287306855
Email-Enron,DP-WCC,978,5.287311679
Email-Enron,DP-WCC,979,5.287366158
Email-Enron,DP-WCC,980,5.287367058
Email-Enron,DP-WCC,981,5.287368598
Email-Enron,DP-WCC,982,5.287370383
Email-Enron,DP-WCC,983,5.287372393
Email-Enron,DP-WCC,984,5.287375841
Email-Enron,DP-WCC,985,5.287378436
Email-Enron,DP-WCC,986,5.287381247
Email-Enron,DP-WCC,987,5.287384687
Email-Enron,DP-WCC,988,5.287387037
Email-Enron,DP-WCC,989,5.28738888
Email-Enron,DP-WCC,990,5.287392404
Email-Enron,DP-WCC,991,5.2873962500000005
Email-Enron,DP-WCC,992,5.287398599
Email-Enron,DP-WCC,993,5.287403955
Email-Enron,DP-WCC,994,5.287406505
Email-Enron,DP-WCC,995,5.28740953
Email-Enron,DP-WCC,996,5.287414346
Email-Enron,DP-WCC,997,5.287420169
Email-Enron,DP-WCC,998,5.287424708
Email-Enron,DP-WCC,999,5.287428523
Email-Enron,DP-WCC,1000,5.287431444
Email-Enron,DP-WCC,1001,5.287476111
Email-Enron,DP-WCC,1002,5.28747711
Email-Enron,DP-WCC,1003,5.287479146
Email-Enron,DP-WCC,1004,5.287482019
Email-Enron,DP-WCC,1005,5.287484162
Email-Enron,DP-WCC,1006,5.287487111
Email-Enron,DP-WCC,1007,5.2874887489999995
Email-Enron,DP-WCC,1008,5.287491148
Email-Enron,DP-WCC,1009,5.287493905
Email-Enron,DP-WCC,1010,5.28749615
Email-Enron,DP-WCC,1011,5.287499538
Email-Enron,DP-WCC,1012,5.287501529
Email-Enron,DP-WCC,1013,5.287506951
Email-Enron,DP-WCC,1014,5.2875127
Email-Enron,DP-WCC,1015,5.28751532
Email-Enron,DP-WCC,1016,5.287517591
Email-Enron,DP-WCC,1017,5.287519665
Email-Enron,DP-WCC,1018,5.287523818
Email-Enron,DP-WCC,1019,5.287525956
Email-Enron,DP-WCC,1020,5.287543748
Email-Enron,DP-WCC,1021,5.287544613
Email-Enron,DP-WCC,1022,5.287546067
Email-Enron,DP-WCC,1023,5.287547586
Email-Enron,DP-WCC,1024,5.287550235
Email-Enron,DP-WCC,1025,5.287553178
Email-Enron,DP-WCC,1026,5.287557441
Email-Enron,DP-WCC,1027,5.287559434
Email-Enron,DP-WCC,1028,5.287562584
Email-Enron,DP-WCC,1029,5.287566333
Email-Enron,DP-WCC,1030,5.287568714
Email-Enron,DP-WCC,1031,5.287570763
Email-Enron,DP-WCC,1032,5.287585641
Email-Enron,DP-WCC,1033,5.287589003
Email-Enron,DP-WCC,1034,5.287590962
Email-Enron,DP-WCC,1035,5.287621848
Email-Enron,DP-WCC,1036,5.287622442
Email-Enron,DP-WCC,1037,5.287623202
Email-Enron,DP-WCC,1038,5.287624219
Email-Enron,DP-WCC,1039,5.287625512
Email-Enron,DP-WCC,1040,5.287627063
Email-Enron,DP-WCC,1041,5.287628887
Email-Enron,DP-WCC,1042,5.287651406
Email-Enron,DP-WCC,1043,5.287652199
Email-Enron,DP-WCC,1044,5.287653319
Email-Enron,DP-WCC,1045,5.287655178
Email-Enron,DP-WCC,1046,5.287656454
Email-Enron,DP-WCC,1047,5.287657913
Email-Enron,DP-WCC,1048,5.287659678
Email-Enron,DP-WCC,1049,5.287661103
Email-Enron,DP-WCC,1050,5.287669389
Email-Enron,DP-WCC,1051,5.287670427
Email-Enron,DP-WCC,1052,5.287671405
Email-Enron,DP-WCC,1053,5.287672869
Email-Enron,DP-WCC,1054,5.287679654
Email-Enron,DP-WCC,1055,5.287680151
Email-Enron,DP-WCC,1056,5.287681096
Email-Enron,DP-WCC,1057,5.287687442
Email-Enron,DP-WCC,1058,5.287687991
Email-Enron,DP-WCC,1059,5.287688662
Email-Enron,DP-WCC,1060,5.287689628
Email-Enron,DP-WCC,1061,5.287692289
Email-Enron,DP-WCC,1062,5.287693779
Email-Enron,DP-WCC,1063,5.287696729
Email-Enron,DP-WCC,1064,5.287697109
Email-Enron,DP-WCC,1065,5.287697821
